Ticker,Cumulative Returns,Volatility
AAL,"Date
2016-01-04         NaN
2016-01-05   -0.009533
2016-01-06    0.007822
2016-01-07   -0.011244
2016-01-08   -0.013200
                ...   
2023-12-22   -0.633973
2023-12-26   -0.639089
2023-12-27   -0.642158
2023-12-28   -0.642414
2023-12-29   -0.648553
Name: Adj Close, Length: 2012, dtype: float64","Date
2016-02-03    0.025600
2016-02-04    0.026020
2016-02-05    0.026713
2016-02-08    0.027106
2016-02-09    0.027588
                ...   
2023-12-22    0.019582
2023-12-26    0.020076
2023-12-27    0.019993
2023-12-28    0.019991
2023-12-29    0.020665
Name: Adj Close, Length: 1991, dtype: float64"
AAPL,"Date
2016-01-04         NaN
2016-01-05   -0.025059
2016-01-06   -0.044138
2016-01-07   -0.084480
2016-01-08   -0.079639
                ...   
2023-12-22    7.074247
2023-12-26    7.051309
2023-12-27    7.055478
2023-12-28    7.073412
2023-12-29    7.029621
Name: Adj Close, Length: 2012, dtype: float64","Date
2016-02-03    0.026860
2016-02-04    0.026525
2016-02-05    0.026802
2016-02-08    0.025342
2016-02-09    0.025312
                ...   
2023-12-22    0.009012
2023-12-26    0.008881
2023-12-27    0.008872
2023-12-28    0.008862
2023-12-29    0.008863
Name: Adj Close, Length: 1991, dtype: float64"
ADBE,"Date
2016-01-04         NaN
2016-01-05    0.004023
2016-01-06   -0.010330
2016-01-07   -0.031097
2016-01-08   -0.044797
                ...   
2023-12-22    5.510275
2023-12-26    5.504947
2023-12-27    5.481244
2023-12-28    5.475155
2023-12-29    5.486898
Name: Adj Close, Length: 2012, dtype: float64","Date
2016-02-03    0.018980
2016-02-04    0.019262
2016-02-05    0.025935
2016-02-08    0.027787
2016-02-09    0.027792
                ...   
2023-12-22    0.018690
2023-12-26    0.018689
2023-12-27    0.018693
2023-12-28    0.018600
2023-12-29    0.018535
Name: Adj Close, Length: 1991, dtype: float64"
ADI,"Date
2016-01-04         NaN
2016-01-05   -0.007348
2016-01-06   -0.049596
2016-01-07   -0.073843
2016-01-08   -0.081925
                ...   
2023-12-22    3.267960
2023-12-26    3.306287
2023-12-27    3.316681
2023-12-28    3.335953
2023-12-29    3.299574
Name: Adj Close, Length: 2012, dtype: float64","Date
2016-02-03    0.020423
2016-02-04    0.020467
2016-02-05    0.019840
2016-02-08    0.019273
2016-02-09    0.019209
                ...   
2023-12-22    0.015396
2023-12-26    0.015428
2023-12-27    0.015433
2023-12-28    0.015341
2023-12-29    0.015526
Name: Adj Close, Length: 1991, dtype: float64"
ADP,"Date
2016-01-04         NaN
2016-01-05    0.002437
2016-01-06   -0.009869
2016-01-07   -0.040087
2016-01-08   -0.048007
                ...   
2023-12-22    2.341012
2023-12-26    2.363722
2023-12-27    2.350269
2023-12-28    2.362999
2023-12-29    2.369942
Name: Adj Close, Length: 2012, dtype: float64","Date
2016-02-03    0.015811
2016-02-04    0.015895
2016-02-05    0.016170
2016-02-08    0.014572
2016-02-09    0.014537
                ...   
2023-12-22    0.008691
2023-12-26    0.008785
2023-12-27    0.008699
2023-12-28    0.008714
2023-12-29    0.008716
Name: Adj Close, Length: 1991, dtype: float64"
ADSK,"Date
2016-01-04         NaN
2016-01-05    0.001326
2016-01-06   -0.012767
2016-01-07   -0.071796
2016-01-08   -0.087050
                ...   
2023-12-22    3.025203
2023-12-26    3.063505
2023-12-27    3.064168
2023-12-28    3.060852
2023-12-29    3.037141
Name: Adj Close, Length: 2012, dtype: float64","Date
2016-02-03    0.036569
2016-02-04    0.036541
2016-02-05    0.038720
2016-02-08    0.038665
2016-02-09    0.038683
                ...   
2023-12-22    0.015076
2023-12-26    0.015033
2023-12-27    0.014798
2023-12-28    0.014482
2023-12-29    0.013755
Name: Adj Close, Length: 1991, dtype: float64"
AKAM,"Date
2016-01-04         NaN
2016-01-05   -0.005544
2016-01-06   -0.034984
2016-01-07   -0.078761
2016-01-08   -0.080482
                ...   
2023-12-22    1.286752
2023-12-26    1.284076
2023-12-27    1.274900
2023-12-28    1.275282
2023-12-29    1.262474
Name: Adj Close, Length: 2012, dtype: float64","Date
2016-02-03    0.032263
2016-02-04    0.032385
2016-02-05    0.032484
2016-02-08    0.032865
2016-02-09    0.033366
                ...   
2023-12-22    0.006186
2023-12-26    0.006226
2023-12-27    0.006376
2023-12-28    0.006250
2023-12-29    0.006212
Name: Adj Close, Length: 1991, dtype: float64"
ALXN,"Series([], Name: Adj Close, dtype: float64)","Series([], Name: Adj Close, dtype: float64)"
AMAT,"Date
2016-01-04         NaN
2016-01-05    0.001083
2016-01-06   -0.040065
2016-01-07   -0.068218
2016-01-08   -0.090958
                ...   
2023-12-22    8.682797
2023-12-26    8.816044
2023-12-27    8.811862
2023-12-28    8.746731
2023-12-29    8.683992
Name: Adj Close, Length: 2012, dtype: float64","Date
2016-02-03    0.027556
2016-02-04    0.027876
2016-02-05    0.028071
2016-02-08    0.028482
2016-02-09    0.028052
                ...   
2023-12-22    0.019400
2023-12-26    0.019513
2023-12-27    0.019541
2023-12-28    0.019031
2023-12-29    0.019161
Name: Adj Close, Length: 1991, dtype: float64"
AMGN,"Date
2016-01-04         NaN
2016-01-05   -0.001074
2016-01-06   -0.010231
2016-01-07   -0.033851
2016-01-08   -0.048187
                ...   
2023-12-22    1.271056
2023-12-26    1.268978
2023-12-27    1.289997
2023-12-28    1.305422
2023-12-29    1.301906
Name: Adj Close, Length: 2012, dtype: float64","Date
2016-02-03    0.021495
2016-02-04    0.021503
2016-02-05    0.022455
2016-02-08    0.022109
2016-02-09    0.021954
                ...   
2023-12-22    0.010805
2023-12-26    0.010848
2023-12-27    0.010772
2023-12-28    0.010788
2023-12-29    0.010855
Name: Adj Close, Length: 1991, dtype: float64"
AMZN,"Date
2016-01-04         NaN
2016-01-05   -0.005024
2016-01-06   -0.006813
2016-01-07   -0.045605
2016-01-08   -0.047002
                ...   
2023-12-22    3.817030
2023-12-26    3.816716
2023-12-27    3.814518
2023-12-28    3.815774
2023-12-29    3.770562
Name: Adj Close, Length: 2012, dtype: float64","Date
2016-02-03    0.035635
2016-02-04    0.035843
2016-02-05    0.037851
2016-02-08    0.037505
2016-02-09    0.037460
                ...   
2023-12-22    0.011615
2023-12-26    0.011618
2023-12-27    0.011582
2023-12-28    0.011491
2023-12-29    0.011670
Name: Adj Close, Length: 1991, dtype: float64"
ATVI,"Series([], Name: Adj Close, dtype: float64)","Series([], Name: Adj Close, dtype: float64)"
AVGO,"Date
2016-01-04         NaN
2016-01-05   -0.033455
2016-01-06   -0.063185
2016-01-07   -0.092986
2016-01-08   -0.098960
                ...   
2023-12-22    9.087245
2023-12-26    9.176341
2023-12-27    9.124916
2023-12-28    9.091112
2023-12-29    9.035729
Name: Adj Close, Length: 2012, dtype: float64","Date
2016-02-03    0.027846
2016-02-04    0.028238
2016-02-05    0.030177
2016-02-08    0.031383
2016-02-09    0.031551
                ...   
2023-12-22    0.025791
2023-12-26    0.025793
2023-12-27    0.024583
2023-12-28    0.024564
2023-12-29    0.024554
Name: Adj Close, Length: 1991, dtype: float64"
BBBY,"Series([], Name: Adj Close, dtype: float64)","Series([], Name: Adj Close, dtype: float64)"
BIDU,"Date
2016-01-04         NaN
2016-01-05    0.018149
2016-01-06    0.008586
2016-01-07   -0.052491
2016-01-08   -0.068956
                ...   
2023-12-22   -0.376515
2023-12-26   -0.376895
2023-12-27   -0.378417
2023-12-28   -0.359778
2023-12-29   -0.352877
Name: Adj Close, Length: 2012, dtype: float64","Date
2016-02-03    0.028546
2016-02-04    0.027929
2016-02-05    0.029144
2016-02-08    0.026897
2016-02-09    0.027252
                ...   
2023-12-22    0.021920
2023-12-26    0.020879
2023-12-27    0.020797
2023-12-28    0.020710
2023-12-29    0.020632
Name: Adj Close, Length: 1991, dtype: float64"
BIIB,"Date
2016-01-04         NaN
2016-01-05    0.007060
2016-01-06   -0.003191
2016-01-07   -0.036012
2016-01-08   -0.047621
                ...   
2023-12-22   -0.124398
2023-12-26   -0.115131
2023-12-27   -0.110956
2023-12-28   -0.115539
2023-12-29   -0.121682
Name: Adj Close, Length: 2012, dtype: float64","Date
2016-02-03    0.025830
2016-02-04    0.025913
2016-02-05    0.026748
2016-02-08    0.027852
2016-02-09    0.027816
                ...   
2023-12-22    0.015917
2023-12-26    0.015947
2023-12-27    0.015326
2023-12-28    0.015291
2023-12-29    0.015221
Name: Adj Close, Length: 1991, dtype: float64"
BMRN,"Date
2016-01-04         NaN
2016-01-05   -0.014011
2016-01-06   -0.042699
2016-01-07   -0.074628
2016-01-08   -0.087400
                ...   
2023-12-22   -0.083016
2023-12-26   -0.080633
2023-12-27   -0.067099
2023-12-28   -0.074247
2023-12-29   -0.081014
Name: Adj Close, Length: 2012, dtype: float64","Date
2016-02-03    0.036028
2016-02-04    0.036051
2016-02-05    0.036267
2016-02-08    0.036974
2016-02-09    0.037340
                ...   
2023-12-22    0.017145
2023-12-26    0.017080
2023-12-27    0.017227
2023-12-28    0.017156
2023-12-29    0.016861
Name: Adj Close, Length: 1991, dtype: float64"
CA,"Date
2023-12-19         NaN
2023-12-20    0.002375
2023-12-21    0.002375
2023-12-22    0.001979
2023-12-26    0.002375
2023-12-27    0.005541
2023-12-28    0.003760
2023-12-29    0.005146
Name: Adj Close, dtype: float64","Series([], Name: Adj Close, dtype: float64)"
CELG,"Series([], Name: Adj Close, dtype: float64)","Series([], Name: Adj Close, dtype: float64)"
CERN,"Series([], Name: Adj Close, dtype: float64)","Series([], Name: Adj Close, dtype: float64)"
CHKP,"Date
2016-01-04         NaN
2016-01-05   -0.005033
2016-01-06   -0.021389
2016-01-07   -0.024786
2016-01-08   -0.034852
                ...   
2023-12-22    0.915576
2023-12-26    0.933065
2023-12-27    0.926271
2023-12-28    0.919476
2023-12-29    0.922370
Name: Adj Close, Length: 2012, dtype: float64","Date
2016-02-03    0.018702
2016-02-04    0.018665
2016-02-05    0.018895
2016-02-08    0.019147
2016-02-09    0.019019
                ...   
2023-12-22    0.009908
2023-12-26    0.009647
2023-12-27    0.009735
2023-12-28    0.009809
2023-12-29    0.009807
Name: Adj Close, Length: 1991, dtype: float64"
CHTR,"Date
2016-01-04         NaN
2016-01-05   -0.013294
2016-01-06   -0.018138
2016-01-07   -0.021968
2016-01-08   -0.014871
                ...   
2023-12-22    1.152256
2023-12-26    1.193995
2023-12-27    1.205486
2023-12-28    1.210274
2023-12-29    1.189376
Name: Adj Close, Length: 2012, dtype: float64","Date
2016-02-03    0.022705
2016-02-04    0.023716
2016-02-05    0.023814
2016-02-08    0.024942
2016-02-09    0.025158
                ...   
2023-12-22    0.023562
2023-12-26    0.024033
2023-12-27    0.023595
2023-12-28    0.023456
2023-12-29    0.023507
Name: Adj Close, Length: 1991, dtype: float64"
CMCSA,"Date
2016-01-04         NaN
2016-01-05    0.000180
2016-01-06   -0.007548
2016-01-07   -0.018512
2016-01-08   -0.017433
                ...   
2023-12-22    0.866269
2023-12-26    0.863300
2023-12-27    0.865845
2023-12-28    0.871358
2023-12-29    0.859906
Name: Adj Close, Length: 2012, dtype: float64","Date
2016-02-03    0.020289
2016-02-04    0.020306
2016-02-05    0.020544
2016-02-08    0.020290
2016-02-09    0.020964
                ...   
2023-12-22    0.012957
2023-12-26    0.012977
2023-12-27    0.012627
2023-12-28    0.012513
2023-12-29    0.012526
Name: Adj Close, Length: 1991, dtype: float64"
COST,"Date
2016-01-04         NaN
2016-01-05    0.002445
2016-01-06   -0.006832
2016-01-07   -0.029585
2016-01-08   -0.046571
                ...   
2023-12-22    3.837948
2023-12-26    3.859703
2023-12-27    3.912602
2023-12-28    3.885342
2023-12-29    3.863092
Name: Adj Close, Length: 2012, dtype: float64","Date
2016-02-03    0.014252
2016-02-04    0.014778
2016-02-05    0.014904
2016-02-08    0.015263
2016-02-09    0.014961
                ...   
2023-12-22    0.015382
2023-12-26    0.015378
2023-12-27    0.015408
2023-12-28    0.015540
2023-12-29    0.015276
Name: Adj Close, Length: 1991, dtype: float64"
CSCO,"Date
2016-01-04         NaN
2016-01-05   -0.004544
2016-01-06   -0.015146
2016-01-07   -0.037864
2016-01-08   -0.061719
                ...   
2023-12-22    1.418624
2023-12-26    1.427798
2023-12-27    1.435524
2023-12-28    1.437455
2023-12-29    1.439387
Name: Adj Close, Length: 2012, dtype: float64","Date
2016-02-03    0.020694
2016-02-04    0.021413
2016-02-05    0.021949
2016-02-08    0.021641
2016-02-09    0.021225
                ...   
2023-12-22    0.007486
2023-12-26    0.007447
2023-12-27    0.007028
2023-12-28    0.006976
2023-12-29    0.006977
Name: Adj Close, Length: 1991, dtype: float64"
CSX,"Date
2016-01-04         NaN
2016-01-05   -0.010082
2016-01-06   -0.055060
2016-01-07   -0.084141
2016-01-08   -0.089570
                ...   
2023-12-22    3.538510
2023-12-26    3.580448
2023-12-27    3.541131
2023-12-28    3.552926
2023-12-29    3.543752
Name: Adj Close, Length: 2012, dtype: float64","Date
2016-02-03    0.024104
2016-02-04    0.025419
2016-02-05    0.023679
2016-02-08    0.022888
2016-02-09    0.024359
                ...   
2023-12-22    0.012049
2023-12-26    0.012121
2023-12-27    0.011077
2023-12-28    0.011081
2023-12-29    0.010906
Name: Adj Close, Length: 1991, dtype: float64"
CTRP,"Series([], Name: Adj Close, dtype: float64)","Series([], Name: Adj Close, dtype: float64)"
CTSH,"Date
2016-01-04         NaN
2016-01-05    0.000000
2016-01-06   -0.017203
2016-01-07   -0.025632
2016-01-08   -0.040771
                ...   
2023-12-22    0.412246
2023-12-26    0.418259
2023-12-27    0.420702
2023-12-28    0.425212
2023-12-29    0.419387
Name: Adj Close, Length: 2012, dtype: float64","Date
2016-02-03    0.024792
2016-02-04    0.025218
2016-02-05    0.025252
2016-02-08    0.030447
2016-02-09    0.031017
                ...   
2023-12-22    0.011290
2023-12-26    0.011290
2023-12-27    0.011127
2023-12-28    0.011084
2023-12-29    0.010290
Name: Adj Close, Length: 1991, dtype: float64"
CTXS,"Series([], Name: Adj Close, dtype: float64)","Series([], Name: Adj Close, dtype: float64)"
DISCA,"Series([], Name: Adj Close, dtype: float64)","Series([], Name: Adj Close, dtype: float64)"
DISCK,"Series([], Name: Adj Close, dtype: float64)","Series([], Name: Adj Close, dtype: float64)"
DISH,"Series([], Name: Adj Close, dtype: float64)","Series([], Name: Adj Close, dtype: float64)"
DLTR,"Date
2016-01-04         NaN
2016-01-05    0.014846
2016-01-06    0.021698
2016-01-07   -0.004568
2016-01-08   -0.012942
                ...   
2023-12-22    0.732775
2023-12-26    0.776551
2023-12-27    0.799772
2023-12-28    0.805482
2023-12-29    0.802436
Name: Adj Close, Length: 2012, dtype: float64","Date
2016-02-03    0.017160
2016-02-04    0.018643
2016-02-05    0.018540
2016-02-08    0.018042
2016-02-09    0.017978
                ...   
2023-12-22    0.015232
2023-12-26    0.015622
2023-12-27    0.015159
2023-12-28    0.014975
2023-12-29    0.012981
Name: Adj Close, Length: 1991, dtype: float64"
EA,"Date
2016-01-04         NaN
2016-01-05   -0.017549
2016-01-06   -0.036611
2016-01-07   -0.055068
2016-01-08   -0.044932
                ...   
2023-12-22    1.120839
2023-12-26    1.114985
2023-12-27    1.106050
2023-12-28    1.106820
2023-12-29    1.107591
Name: Adj Close, Length: 2012, dtype: float64","Date
2016-02-03    0.027258
2016-02-04    0.027199
2016-02-05    0.029214
2016-02-08    0.029394
2016-02-09    0.030434
                ...   
2023-12-22    0.008719
2023-12-26    0.008723
2023-12-27    0.008740
2023-12-28    0.008692
2023-12-29    0.008558
Name: Adj Close, Length: 1991, dtype: float64"
EBAY,"Date
2016-01-04         NaN
2016-01-05   -0.011729
2016-01-06   -0.000756
2016-01-07   -0.027998
2016-01-08   -0.025728
                ...   
2023-12-22    0.799962
2023-12-26    0.785996
2023-12-27    0.781889
2023-12-28    0.785585
2023-12-29    0.791747
Name: Adj Close, Length: 2012, dtype: float64","Date
2016-02-03    0.032150
2016-02-04    0.032127
2016-02-05    0.031964
2016-02-08    0.032102
2016-02-09    0.032208
                ...   
2023-12-22    0.013705
2023-12-26    0.013826
2023-12-27    0.013810
2023-12-28    0.013690
2023-12-29    0.013255
Name: Adj Close, Length: 1991, dtype: float64"
ESRX,"Date
2016-01-04         NaN
2016-01-05    0.011197
2016-01-06    0.005310
2016-01-07   -0.009119
2016-01-08   -0.010274
                ...   
2018-12-17    0.115549
2018-12-18    0.096964
2018-12-19    0.105853
2018-12-20    0.065797
2018-12-21    0.065797
Name: Adj Close, Length: 748, dtype: float64","Date
2016-02-03    0.021388
2016-02-04    0.020797
2016-02-05    0.020817
2016-02-08    0.020837
2016-02-09    0.021100
                ...   
2018-12-17    0.012743
2018-12-18    0.013031
2018-12-19    0.013173
2018-12-20    0.015230
2018-12-21    0.014870
Name: Adj Close, Length: 727, dtype: float64"
EXPE,"Date
2016-01-04         NaN
2016-01-05   -0.007202
2016-01-06   -0.014570
2016-01-07   -0.049586
2016-01-08   -0.077732
                ...   
2023-12-22    0.342548
2023-12-26    0.323790
2023-12-27    0.324741
2023-12-28    0.325000
2023-12-29    0.312120
Name: Adj Close, Length: 2012, dtype: float64","Date
2016-02-03    0.023314
2016-02-04    0.025550
2016-02-05    0.028252
2016-02-08    0.027806
2016-02-09    0.027853
                ...   
2023-12-22    0.016054
2023-12-26    0.016526
2023-12-27    0.016426
2023-12-28    0.016339
2023-12-29    0.016685
Name: Adj Close, Length: 1991, dtype: float64"
FAST,"Date
2016-01-04         NaN
2016-01-05   -0.010949
2016-01-06   -0.008212
2016-01-07   -0.028366
2016-01-08   -0.034586
                ...   
2023-12-22    3.061615
2023-12-26    3.068453
2023-12-27    3.061615
2023-12-28    3.030535
2023-12-29    3.026184
Name: Adj Close, Length: 2012, dtype: float64","Date
2016-02-03    0.021972
2016-02-04    0.030548
2016-02-05    0.030646
2016-02-08    0.030112
2016-02-09    0.030122
                ...   
2023-12-22    0.008058
2023-12-26    0.008055
2023-12-27    0.008098
2023-12-28    0.007068
2023-12-29    0.006908
Name: Adj Close, Length: 1991, dtype: float64"
FB,"Series([], Name: Adj Close, dtype: float64)","Series([], Name: Adj Close, dtype: float64)"
FISV,"Date
2023-05-30         NaN
2023-05-31   -0.006817
2023-06-01   -0.001859
2023-06-02    0.008322
2023-06-05   -0.006462
                ...   
2023-12-22    0.182808
2023-12-26    0.173778
2023-12-27    0.177496
2023-12-28    0.180772
2023-12-29    0.175991
Name: Adj Close, Length: 149, dtype: float64","Date
2023-06-29    0.008448
2023-06-30    0.008446
2023-07-03    0.008592
2023-07-05    0.009008
2023-07-06    0.007880
                ...   
2023-12-22    0.006991
2023-12-26    0.007369
2023-12-27    0.007333
2023-12-28    0.007243
2023-12-29    0.006750
Name: Adj Close, Length: 128, dtype: float64"
FOX,"Date
2019-03-13         NaN
2019-03-14    0.019388
2019-03-15    0.046428
2019-03-18    0.042347
2019-03-19    0.008929
                ...   
2023-12-22   -0.239119
2023-12-26   -0.236377
2023-12-27   -0.242135
2023-12-28   -0.240490
2023-12-29   -0.241861
Name: Adj Close, Length: 1210, dtype: float64","Date
2019-04-11    0.022441
2019-04-12    0.022232
2019-04-15    0.021180
2019-04-16    0.021314
2019-04-17    0.021346
                ...   
2023-12-22    0.013727
2023-12-26    0.013733
2023-12-27    0.013745
2023-12-28    0.013487
2023-12-29    0.013409
Name: Adj Close, Length: 1189, dtype: float64"
FOXA,"Date
2019-03-12         NaN
2019-03-13    0.046053
2019-03-14    0.069737
2019-03-15    0.097368
2019-03-18    0.097368
                ...   
2023-12-22   -0.159720
2023-12-26   -0.157747
2023-12-27   -0.162821
2023-12-28   -0.161693
2023-12-29   -0.163666
Name: Adj Close, Length: 1211, dtype: float64","Date
2019-04-10    0.024441
2019-04-11    0.022325
2019-04-12    0.021823
2019-04-15    0.020786
2019-04-16    0.020893
                ...   
2023-12-22    0.013880
2023-12-26    0.013862
2023-12-27    0.013813
2023-12-28    0.013577
2023-12-29    0.013423
Name: Adj Close, Length: 1190, dtype: float64"
GILD,"Date
2016-01-04         NaN
2016-01-05    0.012754
2016-01-06    0.023365
2016-01-07   -0.017957
2016-01-08   -0.015917
                ...   
2023-12-22    0.080496
2023-12-26    0.084429
2023-12-27    0.090126
2023-12-28    0.100570
2023-12-29    0.098807
Name: Adj Close, Length: 2012, dtype: float64","Date
2016-02-03    0.025004
2016-02-04    0.024740
2016-02-05    0.024558
2016-02-08    0.023426
2016-02-09    0.024216
                ...   
2023-12-22    0.011984
2023-12-26    0.011871
2023-12-27    0.011679
2023-12-28    0.011539
2023-12-29    0.011552
Name: Adj Close, Length: 1991, dtype: float64"
GOOGL,"Date
2016-01-04         NaN
2016-01-05    0.002752
2016-01-06   -0.000145
2016-01-07   -0.024281
2016-01-08   -0.037567
                ...   
2023-12-22    2.726167
2023-12-26    2.726957
2023-12-27    2.696671
2023-12-28    2.692984
2023-12-29    2.678763
Name: Adj Close, Length: 2012, dtype: float64","Date
2016-02-03    0.021363
2016-02-04    0.022050
2016-02-05    0.023282
2016-02-08    0.022798
2016-02-09    0.022655
                ...   
2023-12-22    0.016937
2023-12-26    0.016627
2023-12-27    0.016750
2023-12-28    0.016728
2023-12-29    0.016303
Name: Adj Close, Length: 1991, dtype: float64"
HSIC,"Date
2016-01-04         NaN
2016-01-05    0.003414
2016-01-06   -0.006763
2016-01-07   -0.023123
2016-01-08   -0.032075
                ...   
2023-12-22    0.230491
2023-12-26    0.238703
2023-12-27    0.245601
2023-12-28    0.249214
2023-12-29    0.243466
Name: Adj Close, Length: 2012, dtype: float64","Date
2016-02-03    0.016016
2016-02-04    0.015987
2016-02-05    0.016147
2016-02-08    0.015928
2016-02-09    0.015985
                ...   
2023-12-22    0.015090
2023-12-26    0.015104
2023-12-27    0.013658
2023-12-28    0.013309
2023-12-29    0.012965
Name: Adj Close, Length: 1991, dtype: float64"
ILMN,"Date
2016-01-04         NaN
2016-01-05   -0.017983
2016-01-06   -0.020521
2016-01-07   -0.074801
2016-01-08   -0.088868
                ...   
2023-12-22   -0.227714
2023-12-26   -0.224184
2023-12-27   -0.213758
2023-12-28   -0.215964
2023-12-29   -0.231906
Name: Adj Close, Length: 2012, dtype: float64","Date
2016-02-03    0.030768
2016-02-04    0.031500
2016-02-05    0.032704
2016-02-08    0.031179
2016-02-09    0.032344
                ...   
2023-12-22    0.036302
2023-12-26    0.036326
2023-12-27    0.034078
2023-12-28    0.034447
2023-12-29    0.034608
Name: Adj Close, Length: 1991, dtype: float64"
INCY,"Date
2016-01-04         NaN
2016-01-05    0.004646
2016-01-06   -0.010259
2016-01-07   -0.073171
2016-01-08   -0.082656
                ...   
2023-12-22   -0.391696
2023-12-26   -0.394599
2023-12-27   -0.393341
2023-12-28   -0.392857
2023-12-29   -0.392276
Name: Adj Close, Length: 2012, dtype: float64","Date
2016-02-03    0.044469
2016-02-04    0.046093
2016-02-05    0.046094
2016-02-08    0.044882
2016-02-09    0.045430
                ...   
2023-12-22    0.025578
2023-12-26    0.025731
2023-12-27    0.025191
2023-12-28    0.025113
2023-12-29    0.025145
Name: Adj Close, Length: 1991, dtype: float64"
INTC,"Date
2016-01-04         NaN
2016-01-05   -0.004707
2016-01-06   -0.026772
2016-01-07   -0.063254
2016-01-08   -0.072963
                ...   
2023-12-22    0.763244
2023-12-26    0.855080
2023-12-27    0.864631
2023-12-28    0.851039
2023-12-29    0.845896
Name: Adj Close, Length: 2012, dtype: float64","Date
2016-02-03    0.026703
2016-02-04    0.027089
2016-02-05    0.027167
2016-02-08    0.026167
2016-02-09    0.026136
                ...   
2023-12-22    0.019045
2023-12-26    0.021678
2023-12-27    0.021661
2023-12-28    0.021874
2023-12-29    0.021847
Name: Adj Close, Length: 1991, dtype: float64"
INTU,"Date
2016-01-04         NaN
2016-01-05    0.016635
2016-01-06    0.020237
2016-01-07    0.003763
2016-01-08   -0.010054
                ...   
2023-12-22    6.062909
2023-12-26    6.071737
2023-12-27    6.120063
2023-12-28    6.107614
2023-12-29    6.073775
Name: Adj Close, Length: 2012, dtype: float64","Date
2016-02-03    0.019629
2016-02-04    0.019395
2016-02-05    0.022445
2016-02-08    0.022280
2016-02-09    0.022168
                ...   
2023-12-22    0.011487
2023-12-26    0.011457
2023-12-27    0.011231
2023-12-28    0.011336
2023-12-29    0.010874
Name: Adj Close, Length: 1991, dtype: float64"
ISRG,"Date
2016-01-04         NaN
2016-01-05    0.008349
2016-01-06    0.010687
2016-01-07   -0.019164
2016-01-08   -0.019821
                ...   
2023-12-22    4.528673
2023-12-26    4.547252
2023-12-27    4.548567
2023-12-28    4.563694
2023-12-29    4.546758
Name: Adj Close, Length: 2012, dtype: float64","Date
2016-02-03    0.014251
2016-02-04    0.014403
2016-02-05    0.015673
2016-02-08    0.018523
2016-02-09    0.018559
                ...   
2023-12-22    0.014283
2023-12-26    0.014256
2023-12-27    0.013986
2023-12-28    0.013490
2023-12-29    0.013543
Name: Adj Close, Length: 1991, dtype: float64"
JD,"Date
2016-01-04         NaN
2016-01-05    0.015916
2016-01-06    0.007789
2016-01-07   -0.053505
2016-01-08   -0.064680
                ...   
2023-12-22   -0.027716
2023-12-26   -0.027011
2023-12-27   -0.022077
2023-12-28    0.004706
2023-12-29    0.018097
Name: Adj Close, Length: 2012, dtype: float64","Date
2016-02-03    0.030400
2016-02-04    0.032515
2016-02-05    0.033944
2016-02-08    0.031994
2016-02-09    0.032011
                ...   
2023-12-22    0.027424
2023-12-26    0.027159
2023-12-27    0.027027
2023-12-28    0.027667
2023-12-29    0.027099
Name: Adj Close, Length: 1991, dtype: float64"
KHC,"Date
2016-01-04         NaN
2016-01-05    0.009491
2016-01-06    0.011417
2016-01-07   -0.011004
2016-01-08   -0.020908
                ...   
2023-12-22   -0.301670
2023-12-26   -0.298981
2023-12-27   -0.298597
2023-12-28   -0.294372
2023-12-29   -0.289762
Name: Adj Close, Length: 2012, dtype: float64","Date
2016-02-03    0.017259
2016-02-04    0.017331
2016-02-05    0.017820
2016-02-08    0.017776
2016-02-09    0.017657
                ...   
2023-12-22    0.010199
2023-12-26    0.010147
2023-12-27    0.010116
2023-12-28    0.010106
2023-12-29    0.010097
Name: Adj Close, Length: 1991, dtype: float64"
LBTYA,"Date
2016-01-04         NaN
2016-01-05   -0.004551
2016-01-06   -0.023234
2016-01-07   -0.061078
2016-01-08   -0.085030
                ...   
2023-12-22   -0.588503
2023-12-26   -0.579880
2023-12-27   -0.580838
2023-12-28   -0.578204
2023-12-29   -0.574371
Name: Adj Close, Length: 2012, dtype: float64","Date
2016-02-03    0.026871
2016-02-04    0.027790
2016-02-05    0.029632
2016-02-08    0.030977
2016-02-09    0.031031
                ...   
2023-12-22    0.017002
2023-12-26    0.016908
2023-12-27    0.015995
2023-12-28    0.015846
2023-12-29    0.015794
Name: Adj Close, Length: 1991, dtype: float64"
LBTYK,"Date
2016-01-04         NaN
2016-01-05   -0.010689
2016-01-06   -0.029331
2016-01-07   -0.061646
2016-01-08   -0.082525
                ...   
2023-12-22   -0.551827
2023-12-26   -0.543624
2023-12-27   -0.543873
2023-12-28   -0.539398
2023-12-29   -0.536664
Name: Adj Close, Length: 2012, dtype: float64","Date
2016-02-03    0.025783
2016-02-04    0.026124
2016-02-05    0.027352
2016-02-08    0.028660
2016-02-09    0.028721
                ...   
2023-12-22    0.017195
2023-12-26    0.017393
2023-12-27    0.016379
2023-12-28    0.016144
2023-12-29    0.016058
Name: Adj Close, Length: 1991, dtype: float64"
LLTC,"Series([], Name: Adj Close, dtype: float64)","Series([], Name: Adj Close, dtype: float64)"
LRCX,"Date
2016-01-04          NaN
2016-01-05     0.005403
2016-01-06    -0.053648
2016-01-07    -0.077448
2016-01-08    -0.093272
                ...    
2023-12-22    10.336030
2023-12-26    10.564498
2023-12-27    10.553161
2023-12-28    10.476715
2023-12-29    10.383555
Name: Adj Close, Length: 2012, dtype: float64","Date
2016-02-03    0.027633
2016-02-04    0.027576
2016-02-05    0.025632
2016-02-08    0.026606
2016-02-09    0.026443
                ...   
2023-12-22    0.019324
2023-12-26    0.019599
2023-12-27    0.019641
2023-12-28    0.019206
2023-12-29    0.019430
Name: Adj Close, Length: 1991, dtype: float64"
LVNTA,"Series([], Name: Adj Close, dtype: float64)","Series([], Name: Adj Close, dtype: float64)"
MAR,"Date
2016-01-04         NaN
2016-01-05    0.003212
2016-01-06   -0.026920
2016-01-07   -0.054451
2016-01-08   -0.041756
                ...   
2023-12-22    2.673457
2023-12-26    2.687153
2023-12-27    2.703489
2023-12-28    2.697549
2023-12-29    2.721145
Name: Adj Close, Length: 2012, dtype: float64","Date
2016-02-03    0.026903
2016-02-04    0.027479
2016-02-05    0.026869
2016-02-08    0.026271
2016-02-09    0.026596
                ...   
2023-12-22    0.015915
2023-12-26    0.015815
2023-12-27    0.015645
2023-12-28    0.015180
2023-12-29    0.014783
Name: Adj Close, Length: 1991, dtype: float64"
MAT,"Date
2016-01-04         NaN
2016-01-05   -0.006198
2016-01-06   -0.018593
2016-01-07   -0.013489
2016-01-08   -0.018228
                ...   
2023-12-22   -0.237887
2023-12-26   -0.238684
2023-12-27   -0.243069
2023-12-28   -0.237489
2023-12-29   -0.247453
Name: Adj Close, Length: 2012, dtype: float64","Date
2016-02-03    0.036065
2016-02-04    0.035973
2016-02-05    0.036047
2016-02-08    0.036050
2016-02-09    0.036675
                ...   
2023-12-22    0.014642
2023-12-26    0.014457
2023-12-27    0.014505
2023-12-28    0.014390
2023-12-29    0.014408
Name: Adj Close, Length: 1991, dtype: float64"
MCHP,"Date
2016-01-04         NaN
2016-01-05   -0.007394
2016-01-06   -0.022836
2016-01-07   -0.072205
2016-01-08   -0.096781
                ...   
2023-12-22    3.513971
2023-12-26    3.570026
2023-12-27    3.560517
2023-12-28    3.546503
2023-12-29    3.513470
Name: Adj Close, Length: 2012, dtype: float64","Date
2016-02-03    0.023372
2016-02-04    0.023540
2016-02-05    0.023460
2016-02-08    0.021361
2016-02-09    0.020576
                ...   
2023-12-22    0.015782
2023-12-26    0.015839
2023-12-27    0.015068
2023-12-28    0.015148
2023-12-29    0.015228
Name: Adj Close, Length: 1991, dtype: float64"
MDLZ,"Date
2016-01-04         NaN
2016-01-05    0.008221
2016-01-06    0.004567
2016-01-07   -0.050240
2016-01-08   -0.063942
                ...   
2023-12-22    0.917096
2023-12-26    0.930557
2023-12-27    0.944018
2023-12-28    0.956881
2023-12-29    0.961485
Name: Adj Close, Length: 2012, dtype: float64","Date
2016-02-03    0.028128
2016-02-04    0.028511
2016-02-05    0.028504
2016-02-08    0.027216
2016-02-09    0.027698
                ...   
2023-12-22    0.011993
2023-12-26    0.012088
2023-12-27    0.012168
2023-12-28    0.012235
2023-12-29    0.011759
Name: Adj Close, Length: 1991, dtype: float64"
MNST,"Date
2016-01-04         NaN
2016-01-05    0.011986
2016-01-06    0.013579
2016-01-07    0.005958
2016-01-08   -0.000624
                ...   
2023-12-22    1.328253
2023-12-26    1.360676
2023-12-27    1.383539
2023-12-28    1.386864
2023-12-29    1.394762
Name: Adj Close, Length: 2012, dtype: float64","Date
2016-02-03    0.018219
2016-02-04    0.020312
2016-02-05    0.021309
2016-02-08    0.023097
2016-02-09    0.023492
                ...   
2023-12-22    0.012105
2023-12-26    0.012432
2023-12-27    0.012352
2023-12-28    0.012218
2023-12-29    0.011896
Name: Adj Close, Length: 1991, dtype: float64"
MSFT,"Date
2016-01-04         NaN
2016-01-05    0.004562
2016-01-06   -0.013686
2016-01-07   -0.047993
2016-01-08   -0.045073
                ...   
2023-12-22    6.691757
2023-12-26    6.693400
2023-12-27    6.681285
2023-12-28    6.706131
2023-12-29    6.721737
Name: Adj Close, Length: 2012, dtype: float64","Date
2016-02-03    0.023725
2016-02-04    0.023676
2016-02-05    0.024531
2016-02-08    0.023622
2016-02-09    0.023590
                ...   
2023-12-22    0.009545
2023-12-26    0.009544
2023-12-27    0.009514
2023-12-28    0.009202
2023-12-29    0.008975
Name: Adj Close, Length: 1991, dtype: float64"
MU,"Date
2016-01-04         NaN
2016-01-05    0.034194
2016-01-06   -0.007676
2016-01-07   -0.046755
2016-01-08   -0.069784
                ...   
2023-12-22    5.131283
2023-12-26    5.171690
2023-12-27    5.143335
2023-12-28    5.096547
2023-12-29    5.057860
Name: Adj Close, Length: 2012, dtype: float64","Date
2016-02-03    0.048321
2016-02-04    0.048821
2016-02-05    0.048431
2016-02-08    0.050097
2016-02-09    0.050049
                ...   
2023-12-22    0.025579
2023-12-26    0.025500
2023-12-27    0.025603
2023-12-28    0.025224
2023-12-29    0.025367
Name: Adj Close, Length: 1991, dtype: float64"
MXIM,"Series([], Name: Adj Close, dtype: float64)","Series([], Name: Adj Close, dtype: float64)"
MYL,"Series([], Name: Adj Close, dtype: float64)","Series([], Name: Adj Close, dtype: float64)"
NCLH,"Date
2016-01-04         NaN
2016-01-05   -0.004828
2016-01-06   -0.017589
2016-01-07   -0.039145
2016-01-08   -0.050354
                ...   
2023-12-22   -0.638731
2023-12-26   -0.649077
2023-12-27   -0.648560
2023-12-28   -0.647008
2023-12-29   -0.654423
Name: Adj Close, Length: 2012, dtype: float64","Date
2016-02-03    0.037976
2016-02-04    0.038398
2016-02-05    0.040411
2016-02-08    0.040536
2016-02-09    0.041587
                ...   
2023-12-22    0.029031
2023-12-26    0.030532
2023-12-27    0.030512
2023-12-28    0.030559
2023-12-29    0.031606
Name: Adj Close, Length: 1991, dtype: float64"
NFLX,"Date
2016-01-04         NaN
2016-01-05   -0.020917
2016-01-06    0.070207
2016-01-07    0.041833
2016-01-08    0.013005
                ...   
2023-12-22    3.426701
2023-12-26    3.466988
2023-12-27    3.472445
2023-12-28    3.460804
2023-12-29    3.427792
Name: Adj Close, Length: 2012, dtype: float64","Date
2016-02-03    0.039494
2016-02-04    0.039397
2016-02-05    0.034827
2016-02-08    0.035071
2016-02-09    0.036446
                ...   
2023-12-22    0.015848
2023-12-26    0.015941
2023-12-27    0.015934
2023-12-28    0.015953
2023-12-29    0.016030
Name: Adj Close, Length: 1991, dtype: float64"
NTAP,"Date
2016-01-04         NaN
2016-01-05   -0.023828
2016-01-06   -0.044342
2016-01-07   -0.095434
2016-01-08   -0.109756
                ...   
2023-12-22    3.263990
2023-12-26    3.263036
2023-12-27    3.225834
2023-12-28    3.207232
2023-12-29    3.204848
Name: Adj Close, Length: 2012, dtype: float64","Date
2016-02-03    0.024261
2016-02-04    0.024478
2016-02-05    0.024246
2016-02-08    0.021560
2016-02-09    0.021501
                ...   
2023-12-22    0.033401
2023-12-26    0.033435
2023-12-27    0.033539
2023-12-28    0.033598
2023-12-29    0.009970
Name: Adj Close, Length: 1991, dtype: float64"
NTES,"Date
2016-01-04         NaN
2016-01-05    0.010109
2016-01-06    0.009005
2016-01-07   -0.039217
2016-01-08   -0.050314
                ...   
2023-12-22    1.879574
2023-12-26    2.029401
2023-12-27    1.879246
2023-12-28    1.934117
2023-12-29    2.060944
Name: Adj Close, Length: 2012, dtype: float64","Date
2016-02-03    0.026870
2016-02-04    0.026804
2016-02-05    0.030586
2016-02-08    0.030446
2016-02-09    0.031350
                ...   
2023-12-22    0.037847
2023-12-26    0.040394
2023-12-27    0.041325
2023-12-28    0.041806
2023-12-29    0.043420
Name: Adj Close, Length: 1991, dtype: float64"
NVDA,"Date
2016-01-04          NaN
2016-01-05     0.016064
2016-01-06    -0.025950
2016-01-07    -0.064566
2016-01-08    -0.084646
                ...    
2023-12-22    60.807954
2023-12-26    61.376295
2023-12-27    61.550970
2023-12-28    61.683877
2023-12-29    61.683877
Name: Adj Close, Length: 2012, dtype: float64","Date
2016-02-03    0.025172
2016-02-04    0.024705
2016-02-05    0.026600
2016-02-08    0.026996
2016-02-09    0.027125
                ...   
2023-12-22    0.018887
2023-12-26    0.018428
2023-12-27    0.018337
2023-12-28    0.018192
2023-12-29    0.018161
Name: Adj Close, Length: 1991, dtype: float64"
NXPI,"Date
2016-01-04         NaN
2016-01-05   -0.024278
2016-01-06   -0.048437
2016-01-07   -0.099953
2016-01-08   -0.109663
                ...   
2023-12-22    1.944864
2023-12-26    1.983452
2023-12-27    1.985381
2023-12-28    1.972133
2023-12-29    1.954254
Name: Adj Close, Length: 2012, dtype: float64","Date
2016-02-03    0.034379
2016-02-04    0.038891
2016-02-05    0.041620
2016-02-08    0.044827
2016-02-09    0.045329
                ...   
2023-12-22    0.017018
2023-12-26    0.017041
2023-12-27    0.016969
2023-12-28    0.017129
2023-12-29    0.017037
Name: Adj Close, Length: 1991, dtype: float64"
ORLY,"Date
2016-01-04         NaN
2016-01-05    0.007517
2016-01-06   -0.020479
2016-01-07   -0.024136
2016-01-08   -0.046524
                ...   
2023-12-22    2.868433
2023-12-26    2.827801
2023-12-27    2.829791
2023-12-28    2.824347
2023-12-29    2.860388
Name: Adj Close, Length: 2012, dtype: float64","Date
2016-02-03    0.019873
2016-02-04    0.020003
2016-02-05    0.020581
2016-02-08    0.022000
2016-02-09    0.021578
                ...   
2023-12-22    0.012954
2023-12-26    0.013083
2023-12-27    0.013087
2023-12-28    0.013057
2023-12-29    0.013271
Name: Adj Close, Length: 1991, dtype: float64"
PAYX,"Date
2016-01-04         NaN
2016-01-05   -0.000776
2016-01-06   -0.014937
2016-01-07   -0.060524
2016-01-08   -0.077400
                ...   
2023-12-22    1.959292
2023-12-26    1.967193
2023-12-27    1.939788
2023-12-28    1.950404
2023-12-29    1.940775
Name: Adj Close, Length: 2012, dtype: float64","Date
2016-02-03    0.017861
2016-02-04    0.017856
2016-02-05    0.018029
2016-02-08    0.015091
2016-02-09    0.014601
                ...   
2023-12-22    0.017889
2023-12-26    0.017867
2023-12-27    0.017984
2023-12-28    0.017964
2023-12-29    0.017725
Name: Adj Close, Length: 1991, dtype: float64"
PCAR,"Date
2016-01-04         NaN
2016-01-05    0.000212
2016-01-06    0.000424
2016-01-07   -0.029898
2016-01-08   -0.040924
                ...   
2023-12-22    3.190954
2023-12-26    3.201703
2023-12-27    3.204713
2023-12-28    3.206433
2023-12-29    3.198694
Name: Adj Close, Length: 2012, dtype: float64","Date
2016-02-03    0.018764
2016-02-04    0.021220
2016-02-05    0.021212
2016-02-08    0.019884
2016-02-09    0.019602
                ...   
2023-12-22    0.008247
2023-12-26    0.008218
2023-12-27    0.008096
2023-12-28    0.007569
2023-12-29    0.007718
Name: Adj Close, Length: 1991, dtype: float64"
PCLN,"Series([], Name: Adj Close, dtype: float64)","Series([], Name: Adj Close, dtype: float64)"
PYPL,"Date
2016-01-04         NaN
2016-01-05   -0.012662
2016-01-06   -0.022158
2016-01-07   -0.046619
2016-01-08   -0.059281
                ...   
2023-12-22    0.779568
2023-12-26    0.800288
2023-12-27    0.803741
2023-12-28    0.815252
2023-12-29    0.767194
Name: Adj Close, Length: 2012, dtype: float64","Date
2016-02-03    0.027513
2016-02-04    0.027267
2016-02-05    0.030212
2016-02-08    0.031156
2016-02-09    0.031617
                ...   
2023-12-22    0.020282
2023-12-26    0.020038
2023-12-27    0.020011
2023-12-28    0.018660
2023-12-29    0.019637
Name: Adj Close, Length: 1991, dtype: float64"
QCOM,"Date
2016-01-04         NaN
2016-01-05   -0.019553
2016-01-06   -0.029529
2016-01-07   -0.079410
2016-01-08   -0.084597
                ...   
2023-12-22    2.639758
2023-12-26    2.689729
2023-12-27    2.696324
2023-12-28    2.699875
2023-12-29    2.668675
Name: Adj Close, Length: 2012, dtype: float64","Date
2016-02-03    0.033138
2016-02-04    0.033412
2016-02-05    0.034155
2016-02-08    0.032396
2016-02-09    0.032401
                ...   
2023-12-22    0.011400
2023-12-26    0.011481
2023-12-27    0.011510
2023-12-28    0.010744
2023-12-29    0.011013
Name: Adj Close, Length: 1991, dtype: float64"
QVCA,"Series([], Name: Adj Close, dtype: float64)","Series([], Name: Adj Close, dtype: float64)"
REGN,"Date
2016-01-04         NaN
2016-01-05   -0.014655
2016-01-06    0.005672
2016-01-07   -0.028245
2016-01-08   -0.048146
                ...   
2023-12-22    0.639183
2023-12-26    0.644623
2023-12-27    0.692711
2023-12-28    0.706902
2023-12-29    0.700300
Name: Adj Close, Length: 2012, dtype: float64","Date
2016-02-03    0.029616
2016-02-04    0.029688
2016-02-05    0.029498
2016-02-08    0.029102
2016-02-09    0.031157
                ...   
2023-12-22    0.011008
2023-12-26    0.010959
2023-12-27    0.012322
2023-12-28    0.012351
2023-12-29    0.012437
Name: Adj Close, Length: 1991, dtype: float64"
ROST,"Date
2016-01-04         NaN
2016-01-05    0.006621
2016-01-06   -0.008829
2016-01-07   -0.011220
2016-01-08   -0.041751
                ...   
2023-12-22    1.711142
2023-12-26    1.722669
2023-12-27    1.730817
2023-12-28    1.746517
2023-12-29    1.750293
Name: Adj Close, Length: 2012, dtype: float64","Date
2016-02-03    0.021096
2016-02-04    0.021211
2016-02-05    0.021464
2016-02-08    0.021459
2016-02-09    0.020790
                ...   
2023-12-22    0.010283
2023-12-26    0.010288
2023-12-27    0.010276
2023-12-28    0.010112
2023-12-29    0.009779
Name: Adj Close, Length: 1991, dtype: float64"
SBAC,"Date
2016-01-04         NaN
2016-01-05    0.013143
2016-01-06    0.003877
2016-01-07   -0.029973
2016-01-08   -0.038956
                ...   
2023-12-22    1.475846
2023-12-26    1.487269
2023-12-27    1.503221
2023-12-28    1.503615
2023-12-29    1.498100
Name: Adj Close, Length: 2012, dtype: float64","Date
2016-02-03    0.031610
2016-02-04    0.031389
2016-02-05    0.031722
2016-02-08    0.034231
2016-02-09    0.034249
                ...   
2023-12-22    0.014079
2023-12-26    0.014045
2023-12-27    0.013980
2023-12-28    0.013475
2023-12-29    0.013304
Name: Adj Close, Length: 1991, dtype: float64"
SBUX,"Date
2016-01-04         NaN
2016-01-05    0.006694
2016-01-06   -0.002231
2016-01-07   -0.026948
2016-01-08   -0.027978
                ...   
2023-12-22    0.911207
2023-12-26    0.919030
2023-12-27    0.911407
2023-12-28    0.924245
2023-12-29    0.925850
Name: Adj Close, Length: 2012, dtype: float64","Date
2016-02-03    0.020830
2016-02-04    0.021339
2016-02-05    0.025628
2016-02-08    0.025143
2016-02-09    0.025188
                ...   
2023-12-22    0.011369
2023-12-26    0.011481
2023-12-27    0.011481
2023-12-28    0.011520
2023-12-29    0.011274
Name: Adj Close, Length: 1991, dtype: float64"
SIRI,"Date
2016-01-04         NaN
2016-01-05   -0.010126
2016-01-06   -0.015190
2016-01-07   -0.027848
2016-01-08   -0.035443
                ...   
2023-12-22    0.557882
2023-12-26    0.566426
2023-12-27    0.560730
2023-12-28    0.574970
2023-12-29    0.557882
Name: Adj Close, Length: 2012, dtype: float64","Date
2016-02-03    0.016971
2016-02-04    0.017035
2016-02-05    0.017621
2016-02-08    0.017742
2016-02-09    0.017752
                ...   
2023-12-22    0.039355
2023-12-26    0.039355
2023-12-27    0.038966
2023-12-28    0.038599
2023-12-29    0.038607
Name: Adj Close, Length: 1991, dtype: float64"
SRCL,"Date
2016-01-04         NaN
2016-01-05    0.022567
2016-01-06    0.018156
2016-01-07    0.013914
2016-01-08    0.003139
                ...   
2023-12-22   -0.571986
2023-12-26   -0.573089
2023-12-27   -0.577076
2023-12-28   -0.577501
2023-12-29   -0.579537
Name: Adj Close, Length: 2012, dtype: float64","Date
2016-02-03    0.015635
2016-02-04    0.014886
2016-02-05    0.017242
2016-02-08    0.019597
2016-02-09    0.019600
                ...   
2023-12-22    0.015407
2023-12-26    0.015482
2023-12-27    0.015640
2023-12-28    0.015531
2023-12-29    0.015566
Name: Adj Close, Length: 1991, dtype: float64"
STX,"Date
2016-01-04         NaN
2016-01-05    0.001654
2016-01-06   -0.041908
2016-01-07   -0.047698
2016-01-08   -0.102840
                ...   
2023-12-22    2.563956
2023-12-26    2.593669
2023-12-27    2.585718
2023-12-28    2.632171
2023-12-29    2.572744
Name: Adj Close, Length: 2012, dtype: float64","Date
2016-02-03    0.043157
2016-02-04    0.045213
2016-02-05    0.044342
2016-02-08    0.045042
2016-02-09    0.043815
                ...   
2023-12-22    0.016258
2023-12-26    0.016040
2023-12-27    0.015848
2023-12-28    0.015635
2023-12-29    0.016051
Name: Adj Close, Length: 1991, dtype: float64"
SWKS,"Date
2016-01-04         NaN
2016-01-05   -0.059541
2016-01-06   -0.112665
2016-01-07   -0.138201
2016-01-08   -0.141666
                ...   
2023-12-22    0.663961
2023-12-26    0.688588
2023-12-27    0.687113
2023-12-28    0.679887
2023-12-29    0.657768
Name: Adj Close, Length: 2012, dtype: float64","Date
2016-02-03    0.040394
2016-02-04    0.038558
2016-02-05    0.038674
2016-02-08    0.039394
2016-02-09    0.039578
                ...   
2023-12-22    0.013737
2023-12-26    0.013792
2023-12-27    0.013699
2023-12-28    0.013928
2023-12-29    0.014694
Name: Adj Close, Length: 1991, dtype: float64"
SYMC,"Series([], Name: Adj Close, dtype: float64)","Series([], Name: Adj Close, dtype: float64)"
TMUS,"Date
2016-01-04         NaN
2016-01-05    0.032606
2016-01-06    0.028241
2016-01-07    0.040051
2016-01-08    0.023877
                ...   
2023-12-22    3.015141
2023-12-26    3.044021
2023-12-27    3.072644
2023-12-28    3.098687
2023-12-29    3.134272
Name: Adj Close, Length: 2012, dtype: float64","Date
2016-02-03    0.022676
2016-02-04    0.021517
2016-02-05    0.027304
2016-02-08    0.028526
2016-02-09    0.028498
                ...   
2023-12-22    0.007736
2023-12-26    0.007793
2023-12-27    0.007795
2023-12-28    0.007705
2023-12-29    0.007730
Name: Adj Close, Length: 1991, dtype: float64"
TRIP,"Date
2016-01-04         NaN
2016-01-05   -0.012654
2016-01-06   -0.034707
2016-01-07   -0.063750
2016-01-08   -0.081948
                ...   
2023-12-22   -0.711080
2023-12-26   -0.709047
2023-12-27   -0.710674
2023-12-28   -0.710945
2023-12-29   -0.708234
Name: Adj Close, Length: 2012, dtype: float64","Date
2016-02-03    0.020787
2016-02-04    0.021766
2016-02-05    0.027015
2016-02-08    0.027510
2016-02-09    0.027744
                ...   
2023-12-22    0.027995
2023-12-26    0.027822
2023-12-27    0.027936
2023-12-28    0.027350
2023-12-29    0.025470
Name: Adj Close, Length: 1991, dtype: float64"
TSCO,"Date
2016-01-04         NaN
2016-01-05   -0.000716
2016-01-06   -0.014448
2016-01-07   -0.015164
2016-01-08   -0.022567
                ...   
2023-12-22    1.849003
2023-12-26    1.833005
2023-12-27    1.858683
2023-12-28    1.902510
2023-12-29    1.890813
Name: Adj Close, Length: 2012, dtype: float64","Date
2016-02-03    0.020456
2016-02-04    0.020604
2016-02-05    0.021868
2016-02-08    0.022001
2016-02-09    0.022448
                ...   
2023-12-22    0.016376
2023-12-26    0.016496
2023-12-27    0.016502
2023-12-28    0.016630
2023-12-29    0.016710
Name: Adj Close, Length: 1991, dtype: float64"
TSLA,"Date
2016-01-04          NaN
2016-01-05     0.000090
2016-01-06    -0.019560
2016-01-07    -0.034734
2016-01-08    -0.055548
                ...    
2023-12-22    15.955821
2023-12-26    16.229084
2023-12-27    16.553377
2023-12-28    15.998791
2023-12-29    15.683228
Name: Adj Close, Length: 2012, dtype: float64","Date
2016-02-03    0.025872
2016-02-04    0.026212
2016-02-05    0.029422
2016-02-08    0.033802
2016-02-09    0.034034
                ...   
2023-12-22    0.020859
2023-12-26    0.021031
2023-12-27    0.021262
2023-12-28    0.020625
2023-12-29    0.020932
Name: Adj Close, Length: 1991, dtype: float64"
TXN,"Date
2016-01-04         NaN
2016-01-05   -0.010489
2016-01-06   -0.016930
2016-01-07   -0.048583
2016-01-08   -0.073242
                ...   
2023-12-22    2.841762
2023-12-26    2.900448
2023-12-27    2.910039
2023-12-28    2.921228
2023-12-29    2.892456
Name: Adj Close, Length: 2012, dtype: float64","Date
2016-02-03    0.020999
2016-02-04    0.021519
2016-02-05    0.022197
2016-02-08    0.021662
2016-02-09    0.020876
                ...   
2023-12-22    0.014065
2023-12-26    0.014176
2023-12-27    0.013942
2023-12-28    0.013932
2023-12-29    0.014200
Name: Adj Close, Length: 1991, dtype: float64"
ULTA,"Date
2016-01-04         NaN
2016-01-05    0.004730
2016-01-06    0.007700
2016-01-07    0.006435
2016-01-08    0.001980
                ...   
2023-12-22    1.592597
2023-12-26    1.625708
2023-12-27    1.658050
2023-12-28    1.677741
2023-12-29    1.695066
Name: Adj Close, Length: 2012, dtype: float64","Date
2016-02-03    0.021009
2016-02-04    0.021599
2016-02-05    0.024199
2016-02-08    0.024598
2016-02-09    0.024777
                ...   
2023-12-22    0.026989
2023-12-26    0.026989
2023-12-27    0.026963
2023-12-28    0.026963
2023-12-29    0.026957
Name: Adj Close, Length: 1991, dtype: float64"
VIAB,"Series([], Name: Adj Close, dtype: float64)","Series([], Name: Adj Close, dtype: float64)"
VOD,"Date
2016-01-04         NaN
2016-01-05    0.001553
2016-01-06   -0.008077
2016-01-07   -0.017397
2016-01-08    0.010873
                ...   
2023-12-22   -0.536479
2023-12-26   -0.533824
2023-12-27   -0.535948
2023-12-28   -0.537009
2023-12-29   -0.538071
Name: Adj Close, Length: 2012, dtype: float64","Date
2016-02-03    0.019671
2016-02-04    0.020176
2016-02-05    0.020705
2016-02-08    0.021636
2016-02-09    0.020382
                ...   
2023-12-22    0.019177
2023-12-26    0.018345
2023-12-27    0.018287
2023-12-28    0.018284
2023-12-29    0.018281
Name: Adj Close, Length: 1991, dtype: float64"
VRSK,"Date
2016-01-04         NaN
2016-01-05   -0.003586
2016-01-06   -0.008765
2016-01-07   -0.030013
2016-01-08   -0.025631
                ...   
2023-12-22    2.240475
2023-12-26    2.251861
2023-12-27    2.254468
2023-12-28    2.259819
2023-12-29    2.276968
Name: Adj Close, Length: 2012, dtype: float64","Date
2016-02-03    0.014761
2016-02-04    0.014801
2016-02-05    0.014979
2016-02-08    0.015504
2016-02-09    0.016944
                ...   
2023-12-22    0.015299
2023-12-26    0.015320
2023-12-27    0.015253
2023-12-28    0.015241
2023-12-29    0.015193
Name: Adj Close, Length: 1991, dtype: float64"
VRTX,"Date
2016-01-04         NaN
2016-01-05    0.004557
2016-01-06   -0.005371
2016-01-07   -0.064529
2016-01-08   -0.099113
                ...   
2023-12-22    2.297665
2023-12-26    2.317276
2023-12-27    2.320449
2023-12-28    2.330377
2023-12-29    2.311010
Name: Adj Close, Length: 2012, dtype: float64","Date
2016-02-03    0.031560
2016-02-04    0.031398
2016-02-05    0.032695
2016-02-08    0.032303
2016-02-09    0.031976
                ...   
2023-12-22    0.030060
2023-12-26    0.030012
2023-12-27    0.029846
2023-12-28    0.029624
2023-12-29    0.029771
Name: Adj Close, Length: 1991, dtype: float64"
WBA,"Date
2016-01-04         NaN
2016-01-05   -0.026249
2016-01-06   -0.041180
2016-01-07   -0.022637
2016-01-08   -0.024082
                ...   
2023-12-22   -0.578832
2023-12-26   -0.572568
2023-12-27   -0.572086
2023-12-28   -0.572728
2023-12-29   -0.580599
Name: Adj Close, Length: 2012, dtype: float64","Date
2016-02-03    0.017956
2016-02-04    0.017262
2016-02-05    0.017805
2016-02-08    0.018055
2016-02-09    0.019407
                ...   
2023-12-22    0.028847
2023-12-26    0.028840
2023-12-27    0.026860
2023-12-28    0.026694
2023-12-29    0.027470
Name: Adj Close, Length: 1991, dtype: float64"
WDC,"Date
2016-01-04         NaN
2016-01-05   -0.004305
2016-01-06   -0.026490
2016-01-07   -0.042550
2016-01-08   -0.082947
                ...   
2023-12-22    0.010257
2023-12-26    0.012175
2023-12-27    0.005653
2023-12-28    0.015437
2023-12-29    0.004693
Name: Adj Close, Length: 2012, dtype: float64","Date
2016-02-03    0.035780
2016-02-04    0.036491
2016-02-05    0.038536
2016-02-08    0.041879
2016-02-09    0.041849
                ...   
2023-12-22    0.018708
2023-12-26    0.018520
2023-12-27    0.018641
2023-12-28    0.018460
2023-12-29    0.018787
Name: Adj Close, Length: 1991, dtype: float64"
WFM,"Series([], Name: Adj Close, dtype: float64)","Series([], Name: Adj Close, dtype: float64)"
XLNX,"Series([], Name: Adj Close, dtype: float64)","Series([], Name: Adj Close, dtype: float64)"
YHOO,"Series([], Name: Adj Close, dtype: float64)","Series([], Name: Adj Close, dtype: float64)"
XRAY,"Date
2016-01-04         NaN
2016-01-05    0.020388
2016-01-06    0.005607
2016-01-07   -0.003228
2016-01-08   -0.031770
                ...   
2023-12-22   -0.359239
2023-12-26   -0.353417
2023-12-27   -0.351780
2023-12-28   -0.349954
2023-12-29   -0.349954
Name: Adj Close, Length: 2012, dtype: float64","Date
2016-02-03    0.015758
2016-02-04    0.015142
2016-02-05    0.014852
2016-02-08    0.016172
2016-02-09    0.014914
                ...   
2023-12-22    0.017269
2023-12-26    0.017208
2023-12-27    0.017225
2023-12-28    0.017187
2023-12-29    0.017066
Name: Adj Close, Length: 1991, dtype: float64"
NDX,"Date
2020-02-11         NaN
2020-02-12    0.010017
2020-02-13    0.008178
2020-02-14    0.011108
2020-02-18    0.011761
                ...   
2023-12-22    0.762728
2023-12-26    0.773346
2023-12-27    0.776324
2023-12-28    0.775448
2023-12-29    0.767827
Name: Adj Close, Length: 937, dtype: float64","Date
2020-03-13    0.045160
2020-03-16    0.051381
2020-03-17    0.054114
2020-03-18    0.054394
2020-03-19    0.054676
                ...   
2023-12-22    0.007284
2023-12-26    0.007325
2023-12-27    0.007275
2023-12-28    0.007309
2023-12-29    0.007414
Name: Adj Close, Length: 916, dtype: float64"
