Date,Daily_Returns,Cumulative_Returns,Volatility_21d
2022-01-03,,,
2022-01-04,-0.02740402551029475,-0.02740402551029475,
2022-01-05,-0.05058743991329129,-0.07660516592970168,
2022-01-06,-0.0045611602436269605,-0.08081691773603361,
2022-01-07,-0.0036086203813879836,-0.0841339005409184,
2022-01-10,-0.015320187627054338,-0.09816514102588991,
2022-01-11,-0.0025979166275368337,-0.10050803280131104,
2022-01-12,-0.009306679306569032,-0.10887931607886414,
2022-01-13,-0.012791281396136722,-0.12027789150481716,
2022-01-14,-0.023669907862330586,-0.1411008327573533,
2022-01-18,-0.0007047698372362188,-0.14170615898365324,
2022-01-19,-0.014752843233495572,-0.1543684334684422,
2022-01-20,-0.013790962576767485,-0.16603050675621223,
2022-01-21,-0.01407813402528646,-0.17777124105509845,
2022-01-24,0.045463420693056644,-0.14038990908125648,
2022-01-25,-0.0030626269826645736,-0.14302257414027497,
2022-01-26,-0.03004235112626996,-0.16876819087523987,
2022-01-27,-0.030339749247443093,-0.19398755553058356,
2022-01-28,0.03782110542708228,-0.16350327389276542,
2022-01-31,0.024169290528139875,-0.14328574149364182,
2022-02-01,-0.00943333809136182,-0.15136741674182264,
2022-02-02,0.0037224587272193244,-0.14820841697607057,0.022222672696892164
2022-02-03,-0.005779298842171099,-0.1531311750856118,0.02174403536246074
2022-02-04,-0.0004663739958445934,-0.1535261326834434,0.019253090676417898
2022-02-07,3.104103126494451e-05,-0.15349985726166304,0.019271974040657575
2022-02-08,-0.010044878276569524,-0.1620028481565684,0.019320898858212185
2022-02-09,0.025036888989899753,-0.14102200649201224,0.020133459242042916
2022-02-10,-0.02519142999260182,-0.16266089048065435,0.020754119632901094
2022-02-11,-0.019083277588375913,-0.1786400651432155,0.021006065064852256
2022-02-14,-0.00852537311270729,-0.18564246504769855,0.020933910265355602
2022-02-15,-0.0009373146715923042,-0.1864057743131311,0.02041815333813822
2022-02-16,-0.01692242898217322,-0.2001737648176234,0.02065690925882245
2022-02-17,-0.025836706371076934,-0.22083864040391443,0.02110486825602902
2022-02-18,-0.017433573446706596,-0.23442220719326856,0.02120684226747089
2022-02-22,0.021525224611203653,-0.21794297324575418,0.021764430684702362
2022-02-23,-0.019287586466877227,-0.23302696577130566,0.019104593967023235
2022-02-24,0.03758362249350666,-0.20420134079015506,0.021272418330523207
2022-02-25,0.015117319172419208,-0.19217099846189656,0.02070968659729918
2022-02-28,-0.011340107804156396,-0.20133186642666268,0.0197644307388472
2022-03-01,0.04383798232410663,-0.1663198669042475,0.020378034494720875
2022-03-02,0.014051502983051467,-0.15460540802714173,0.019892732731103025
2022-03-03,0.01522688441894271,-0.14173268228677183,0.02006283581596213
2022-03-04,0.014937371212129902,-0.12891242476285025,0.020294459187361735
2022-03-07,0.0030220839782690856,-0.12627992495805684,0.020232563861497212
2022-03-08,-0.02109084952943252,-0.14470742359161093,0.020833654028408016
2022-03-09,0.006169216153359081,-0.1394309388133842,0.020866848432225634
2022-03-10,0.007940303557538941,-0.13259775923533612,0.02076005802741246
2022-03-11,-0.02402819564342673,-0.1534398699779762,0.02078073303442335
2022-03-14,-0.0005608289023848467,-0.15391464536649924,0.019997093459728672
2022-03-15,0.004801752533715842,-0.14985195287114794,0.019489376928942995
2022-03-16,0.011233775347041508,-0.14030158069797638,0.019441784961775625
2022-03-17,0.0129198208938468,-0.129194431097871,0.019544823865883174
2022-03-18,0.0016966535948779171,-0.12771697569895346,0.01899021800314605
2022-03-21,-0.009164465728547011,-0.13571098358075373,0.01798903443104475
2022-03-22,-0.014865516762054387,-0.14855908644159355,0.017836253693728574
2022-03-23,-0.006971824965095741,-0.154495183459044,0.017616804735682265
2022-03-24,0.015383116430661925,-0.14148868442350904,0.016950234584626404
2022-03-25,0.011001532310913609,-0.13204374444590927,0.015353307096790357
2022-03-28,0.014894002064068435,-0.11911640218416553,0.015345481405740382
2022-03-29,0.02057583793415807,-0.10099148403664882,0.015305432017201007
2022-03-30,0.006514704683479033,-0.09513470904721488,0.012588894872801678
2022-03-31,0.0032654895709516296,-0.09217988087649243,0.01237588524949891
2022-04-01,0.01888986135554238,-0.07503128469047737,0.012574078130392187
2022-04-04,0.012777978173913018,-0.06321205463469992,0.01248564032662698
2022-04-05,0.015461471040844277,-0.048727934946022344,0.012751926675134488
2022-04-06,0.026402713077025686,-0.023611771554212457,0.012256200318012202
2022-04-07,-0.002161667767641373,-0.025722398516348166,0.012397949857398453
2022-04-08,0.009288067481858064,-0.01667324240770518,0.012411975041811999
2022-04-11,-0.030639598627854148,-0.04680197958036236,0.013267783186506232
2022-04-12,-0.018876502983103283,-0.06479502485630184,0.014267677804205911
2022-04-13,0.00036683698257489183,-0.06445195708513107,0.014301636655855151
2022-04-14,0.0021713343067906177,-0.06242056952389918,0.014230106252188873
2022-04-18,0.0016321327815806974,-0.060890315400083384,0.01409821709561658
2022-04-19,0.01390604098178061,-0.04783101763964992,0.014262386043122287
2022-04-20,0.03092187422306769,-0.018388168127996818,0.015034855860815368
2022-04-21,-0.005133492609146084,-0.023427265211962145,0.014493727454328495
2022-04-22,-0.010265897342718766,-0.033452660654994304,0.014665343011460576
2022-04-25,-0.017523441783693916,-0.05038989668719074,0.015407317571907794
2022-04-26,-0.02428198447051433,-0.0734483144688759,0.016590206383425826
2022-04-27,-0.0066343239472742566,-0.07959535850458233,0.0164994157087763
2022-04-28,0.029724424169403685,-0.05223686053328458,0.01711746588755467
2022-04-29,-0.03376570841468429,-0.08423875434670347,0.018834352537639668
2022-05-02,-0.02659085126309879,-0.10858962542238038,0.01973925713440647
2022-05-03,0.03261508337881458,-0.07951620173079099,0.02062697785486857
2022-05-04,0.008139789043568824,-0.07202365779485664,0.020507476507990986
2022-05-05,-0.026639019119938268,-0.09674403731770986,0.02094789329999048
2022-05-06,-0.0008177125746245961,-0.09748264107649984,0.019902048338568547
2022-05-09,-0.055511717489374224,-0.1475829297343173,0.022895757522854953
2022-05-10,-0.02401760375897366,-0.16805594516534372,0.022930686591290196
2022-05-11,-0.0009195863956831252,-0.16882098960013914,0.02235246965395546
2022-05-12,0.026503971708843777,-0.14679144462351645,0.023247653542659803
2022-05-13,0.03330230489757313,-0.11837763317115091,0.02463377298191598
2022-05-16,-0.01717702484711181,-0.13352128247193962,0.024810241219209623
2022-05-17,-0.009316829119787484,-0.14159411661908117,0.02481305921921515
2022-05-18,-0.032557304118342345,-0.16954149802128804,0.025207283618638
2022-05-19,0.015982702858453823,-0.1562685265478856,0.024302177765138024
2022-05-20,0.02353418732063406,-0.13641199200334897,0.025195096715796426
2022-05-23,0.022901212538140037,-0.11663477948682865,0.025912982057404187
2022-05-24,0.03882074476767117,-0.08234188372464923,0.02731676224613174
2022-05-25,-0.0020457379094593886,-0.08421917172103677,0.026806426190384248
2022-05-26,-0.022837338023153242,-0.1051331680515667,0.027230333594560053
2022-05-27,0.02691680953897002,-0.08104620797326922,0.02707848934327976
2022-05-31,-0.031505351071392185,-0.10999816980945853,0.026946397715617108
2022-06-01,-0.016428557171113467,-0.12461961575913949,0.02655241062271241
2022-06-02,0.014769762141096265,-0.11169045570092051,0.025710947015632767
2022-06-03,-0.019079002688538127,-0.12863851588485675,0.025892669325895238
2022-06-06,0.012471138735195453,-0.11777164592795097,0.0254859752484917
2022-06-07,0.012497534471968663,-0.1067459666607874,0.0256508748626952
2022-06-08,0.0,-0.1067459666607874,0.0223053746711689
2022-06-09,-0.012402382277130974,-0.11782444465284936,0.021752959152592465
2022-06-10,-0.024336897175099126,-0.13929386043371894,0.022550627866644208
2022-06-13,-0.05170037647051595,-0.1837926918797801,0.02464536026443337
2022-06-14,-0.03770635587326521,-0.21456889510612098,0.024456311919756876
2022-06-15,0.014576048911966843,-0.20312041290420768,0.024659533389922716
2022-06-16,-0.0349050168249867,-0.23093550829927478,0.025567064979176272
2022-06-17,0.004022496326410163,-0.22784194920663614,0.024824312649864087
2022-06-21,0.038350822190854617,-0.198229053097423,0.02613236589008544
2022-06-22,0.02803065084348555,-0.17575489162834612,0.0263702359163544
2022-06-23,0.045229903723930986,-0.1384743647317751,0.027829402988043952
2022-06-24,0.005800509654568575,-0.1334770769667435,0.02637224477993457
2022-06-27,-0.010099693434345802,-0.1422286928432126,0.026425430766156433
2022-06-28,-0.029005706740230175,-0.16710895582878627,0.02669248314183903
2022-06-29,0.007047338136319414,-0.1612392910097996,0.025917235002828064
2022-06-30,0.008889627939911549,-0.15378302037626035,0.02526597760717409
2022-07-01,0.03252593689375938,-0.12625902029859093,0.026121209097152424
2022-07-05,-0.01739986554455919,-0.14146199586616692,0.026169569047370743
2022-07-06,0.007452760749422138,-0.13506351752707102,0.025907194403288897
2022-07-07,-0.0024454644892266675,-0.1371786889803952,0.025751281687476056
2022-07-08,-0.0064965255429548785,-0.14278402966643988,0.0255961195646131
2022-07-11,0.000308448243155901,-0.1425196229063853,0.02559719998219674
2022-07-12,-0.018130778730417685,-0.15806640988914478,0.02574779933627654
2022-07-13,0.005118868771122109,-0.15375666232736762,0.025262398696485822
2022-07-14,-0.006405079618013176,-0.15917691828137404,0.022449527601440804
2022-07-15,0.008616253981381439,-0.15193217305587847,0.020587096679377293
2022-07-18,-0.022572252994895847,-0.17107497460249277,0.02120703110717506
2022-07-19,0.029536431934270357,-0.14659148701122593,0.02022551081321783
2022-07-20,-0.02450652722504243,-0.16750556596886834,0.021238546535569443
2022-07-21,0.01803962912138357,-0.1524876751333306,0.020013705610567523
2022-07-22,0.0008424430634352831,-0.15177369425407072,0.019163658820981234
2022-07-25,-0.0011533537754899736,-0.1527519992662727,0.016341576678887162
2022-07-26,0.010672941758402832,-0.1437093706995184,0.016472084843057802
2022-07-27,-0.010498476693698189,-0.1526991179142616,0.016484007628307127
2022-07-28,0.04434271580301119,-0.11512749570029301,0.01784658359252579
2022-07-29,0.003346553397364671,-0.11216622261479425,0.01782326372113896
2022-08-01,-0.008755553479150358,-0.11993969873328647,0.017940392653384343
2022-08-02,0.01598321357447907,-0.1058735069797202,0.01686492145000454
2022-08-03,0.016855302135876604,-0.0908027347921716,0.016627531603789932
2022-08-04,0.007008512381244669,-0.08443061450196876,0.016621683614881873
2022-08-05,-0.0025413469752646467,-0.08675739399044913,0.016623222102015018
2022-08-08,-0.0012158249414752076,-0.0878677371284533,0.01651453261012651
2022-08-09,0.0017100969821923773,-0.0863079024983564,0.016505558173722575
2022-08-10,0.013861163908396534,-0.07364306657307951,0.0159080971648558
2022-08-11,-0.01960843952460445,-0.09180748048037934,0.016766013340449262
2022-08-12,0.019068988020607636,-0.0744891682052542,0.016934024657592247
2022-08-15,0.014541308832069832,-0.061031029372700996,0.01705121520437275
2022-08-16,-0.019992638112174665,-0.07980349620101379,0.01685077918344333
2022-08-17,-0.0036204497223514265,-0.08313502137770157,0.015979535738711286
2022-08-18,-0.006921062274330314,-0.08948070099189898,0.014857563452740134
2022-08-19,0.00034837865084091924,-0.08916349550694591,0.014542497134104302
2022-08-22,-0.015994527307129913,-0.1037318948503908,0.01514991932323718
2022-08-23,-0.015428670941279199,-0.11756012051990794,0.015645287033280268
2022-08-24,-0.00021021020458644735,-0.11774561838750874,0.015525349737079034
2022-08-25,0.01795965943844191,-0.10190063015567519,0.015663668467432643
2022-08-26,-0.025579002008039864,-0.12487311574034254,0.013723463472760567
2022-08-29,0.003451707442348795,-0.12185243376094401,0.013724932262266702
2022-08-30,-0.020517907781432143,-0.13987018454352607,0.01430915955044347
2022-08-31,0.0019407716418902154,-0.13820086898934392,0.013795073701770985
2022-09-01,0.0035355772494289894,-0.13515391158816492,0.013194278599523752
2022-09-02,-0.025091775409922468,-0.15685443540274469,0.013902917146406948
2022-09-06,0.004273916370318709,-0.1532509017716509,0.014013460467443927
2022-09-07,0.023750672824975005,-0.1331400409747867,0.015223689942654852
2022-09-08,0.0062659961001709785,-0.12770829985214038,0.015316034483477584
2022-09-09,0.004738671627940061,-0.12357479592136211,0.014966262092377395
2022-09-12,0.007890643465117808,-0.11665923711213444,0.014595512915614046
2022-09-13,-0.04754333420418455,-0.15865620221829158,0.017005416076809842
2022-09-14,-0.004125542675619931,-0.16212720196090813,0.01644497531171211
2022-09-15,-0.02757580807876603,-0.18523222143405282,0.016862169408442092
2022-09-16,0.013821117599216226,-0.17397122015044075,0.017387992947014486
2022-09-19,-0.00041702231264428846,-0.17431569258252433,0.017406426526310612
2022-09-20,-0.02949094446876166,-0.19866590264130102,0.018191063623508183
2022-09-21,-0.007175147383049918,-0.204415592892913,0.018048120648231202
2022-09-22,-0.016552333815091913,-0.2175843715774315,0.018080660635161457
2022-09-23,-0.001761176931275088,-0.2189623439328784,0.018060894555815894
2022-09-26,-0.028123389655647757,-0.24092777027018786,0.017849928363616534
2022-09-27,-0.007923937169747486,-0.246942610925867,0.01738144515906158
2022-09-28,0.0256851986728881,-0.22760018227541146,0.01867759652889543
2022-09-29,-0.03169719702110152,-0.2520830914768907,0.01926445599947117
2022-09-30,0.008431884660947686,-0.2457767423682513,0.019457031680681195
2022-10-03,0.01503609319682786,-0.23443617117528526,0.019899988976862897
2022-10-04,0.015540157098226759,-0.22253918900662917,0.019885279887662515
2022-10-05,-0.035103467112751585,-0.24983075901678808,0.0209285111478844
2022-10-06,-0.05333423211350363,-0.2898404594397975,0.022252552792574168
2022-10-07,-0.02096860968181513,-0.3047315176576215,0.022098586610392212
2022-10-10,-0.022675295548225338,-0.3204969359801011,0.021962236896793514
2022-10-11,-0.004757269511523332,-0.3237295151895496,0.02156471885824942
2022-10-12,-0.04172698568624089,-0.3519482440292625,0.021123826658406192
2022-10-13,0.021138292650911605,-0.3382495363586159,0.022290165981263516
2022-10-14,-0.030630695086128146,-0.3585194130335191,0.02241382490512543
2022-10-17,0.04560091983568615,-0.3292673082111117,0.02509200453284825
2022-10-18,0.02022608691795802,-0.3157010104882737,0.025860958856544148
2022-10-19,-0.022341894664343,-0.3309895464308611,0.025617892293733294
2022-10-20,-0.01794135110508943,-0.34299249787132013,0.025703030936410694
2022-10-21,0.0009679963820552473,-0.34235651698627645,0.025721661471751964
2022-10-24,-0.003464995672289084,-0.3446352488088281,0.025703938213456123
2022-10-25,0.03743843687419979,-0.3200994169417818,0.027082519718684295
2022-10-26,0.008495734541518418,-0.31432316207349553,0.02722691358864899
2022-10-27,0.0056418377483453686,-0.3104546846061157,0.026471444440105688
2022-10-28,0.037542357841876095,-0.2845675276274092,0.0272864285303703
2022-10-31,-0.0004075731691429718,-0.28485911870748193,0.02718941021974188
2022-11-01,0.021711976110101894,-0.26933199697750154,0.02743861844833693
2022-11-02,-0.026871328221996338,-0.2889660167080297,0.02765388658914591
2022-11-03,0.007266538722780602,-0.28379926073522566,0.026794143283602946
2022-11-04,0.007436201713316715,-0.27847344757082626,0.02410358863392614
2022-11-07,0.017737206667367555,-0.2656755819943968,0.023815253409394395
2022-11-08,0.005845367201333884,-0.2613831861262482,0.02308740596797198
2022-11-09,-0.014456954446940062,-0.27206133575816505,0.023371551463767005
2022-11-10,0.08058831374841446,-0.21339798629464235,0.02649792709154532
2022-11-11,0.003739009078034705,-0.2104568742245977,0.02639079138564902
2022-11-14,-0.028760304147445237,-0.23316437465942286,0.0262539788459456
2022-11-15,0.01993701322252539,-0.2178759626575042,0.02502669292448635
2022-11-16,0.005263737827507331,-0.2137590667763417,0.024862749682487407
2022-11-17,-0.027565668425054923,-0.23543232364379085,0.025194099912618756
2022-11-18,0.009796362999730857,-0.22794234114834466,0.024558173250146993
2022-11-21,0.01699465682236001,-0.21482148618908603,0.024577919294816425
2022-11-22,-0.005277040967626601,-0.21896490537336644,0.024626109105102396
2022-11-23,0.012072220256845512,-0.20953607768270754,0.023751083581608733
2022-11-25,-0.003595201283292604,-0.21237795459061914,0.02387105246183807
2022-11-28,-0.01106087578301318,-0.22108974419885508,0.024190755046773534
2022-11-29,0.0043986238401698685,-0.2176636109783353,0.02309252901154112
2022-11-30,0.01612658776248299,-0.2050471945409934,0.023197966417321424
2022-12-01,0.0063814784541431635,-0.19997422034089607,0.022894951992517863
2022-12-02,-0.019786903281058255,-0.215804253065364,0.02245648090255159
2022-12-05,-0.005859581614998999,-0.22039931204666263,0.02256995761823468
2022-12-06,-0.016489372526276136,-0.23325443821206637,0.02300258184602575
2022-12-07,-0.0033946550213220794,-0.2358572748834662,0.02279354362367245
2022-12-08,0.005456912332247654,-0.23168741502318047,0.022790541894085314
2022-12-09,-0.00373348412382013,-0.23455589786132258,0.022519080681405398
2022-12-12,0.008119637683607683,-0.22834076908490208,0.013864971289526384
2022-12-13,0.03768978363551945,-0.19925709963136073,0.016205143603454743
2022-12-14,-0.02351728291784483,-0.21808839696378568,0.015761323258875973
2022-12-15,-0.019498081819811053,-0.23333417337564544,0.01574720211311501
2022-12-16,-0.02896227166466403,-0.2555385573223542,0.016819393161285053
2022-12-19,-0.010096790272648093,-0.2630552283751434,0.015923893457673928
2022-12-20,0.003243889788474341,-0.26066466075579997,0.0157520679191812
2022-12-21,0.00833440062835189,-0.2545027438398404,0.015339465667727271
2022-12-22,-0.0021020946798251394,-0.2560698496558389,0.01532486158019958
2022-12-23,0.0086402309866771,-0.24964212131891195,0.015182650002838121
2022-12-27,-3.556777119462229e-05,-0.24966880987625495,0.015188120815938457
2022-12-28,-0.013451152370703823,-0.25976162904310096,0.015266620363407837
2022-12-29,0.02221027119420116,-0.24332073407579458,0.01612849686989312
2022-12-30,-0.016076529631700365,-0.25548551071611836,0.0159017982877224
2023-01-03,0.005101583868216464,-0.25168730760793434,0.015866471206770493
2023-01-04,0.03865266759145336,-0.2227630258544383,0.017793444118639392
2023-01-05,-0.03847856830992746,-0.2526699918570996,0.019633918237393664
2023-01-06,0.03582465136694668,-0.2258971548593227,0.020955013535228748
2023-01-09,-0.00020589990212016573,-0.22605654255936813,0.02093568327998783
2023-01-10,0.00837359919997449,-0.21957585024331772,0.02097765036757984
2023-01-11,0.04172487124057733,-0.18701275308168308,0.02274107422626566
2023-01-12,0.0011434836726569308,-0.18608311543875367,0.022715306381010103
2023-01-13,0.0003589672058688098,-0.18579094596889323,0.021261456348365987
2023-01-17,-0.012167726910991994,-0.19569801938680087,0.02074481763135809
2023-01-18,-0.034145675462910474,-0.22316145379099528,0.021711597701121556
2023-01-19,0.006735562431588349,-0.21792900926374015,0.020631204053779682
2023-01-20,0.008014841947731055,-0.2116608338810836,0.02045382033512558
2023-01-23,-0.03551101853216343,-0.2396555606187627,0.02214812523787379
2023-01-24,0.003982235394069056,-0.23662769008057516,0.022101964577234443
2023-01-25,0.014752624350251153,-0.2253659451529504,0.022275254472253838
2023-01-26,-0.0019545476993798605,-0.22688000436271294,0.022241194149137545
2023-01-27,-0.007042627583232819,-0.23232480056913696,0.022320315319340752
2023-01-30,0.004047965958725586,-0.22921727749448295,0.022066263653898955
2023-01-31,0.025258542471373602,-0.20974842936187632,0.022214288467030177
2023-02-01,0.012234225362818929,-0.20008031355336786,0.021899860328109005
2023-02-02,0.02297677531845621,-0.18170073864507363,0.0223026845169028
2023-02-03,-0.033496574955167446,-0.20911096118880712,0.022336252101715418
2023-02-06,-0.006716719324899256,-0.2144231408796412,0.02052657067614045
2023-02-07,-0.00892580011874844,-0.22143504290206373,0.019181565140035262
2023-02-08,-0.0012281068359555336,-0.22239120384811117,0.019184607957115157
2023-02-09,-0.01130573906597776,-0.23118264599281357,0.019256188461910878
2023-02-10,0.00010349650530017129,-0.2311030760834597,0.016655206113634954
2023-02-13,0.007046920545369151,-0.22568472055304112,0.01676953174604961
2023-02-14,-0.014784017544816286,-0.23713221122960426,0.016976609235123383
2023-02-15,0.005083152119698564,-0.23325443821206626,0.016925996708120644
2023-02-16,-0.01763192503805122,-0.2467736384807696,0.015704035834623337
2023-02-17,-0.008286665238404156,-0.2530153731874206,0.015659365271641166
2023-02-21,-0.03004547350070741,-0.27545887999775376,0.016608089334702963
2023-02-22,-0.05055175128746148,-0.3120857024936461,0.01828056852339798
2023-02-23,0.025212396451756325,-0.29474173450008445,0.01933521471531019
2023-02-24,-0.029036191949934786,-0.315219748871418,0.019618011542300123
2023-02-27,0.00806771805701234,-0.30969513487430256,0.01983360610722658
2023-02-28,-0.0021163547444331687,-0.3111560648507167,0.01983974839335932
2023-03-01,-0.01711974235611513,-0.32294889554404493,0.019897015168406293
2023-03-02,0.009611236439101223,-0.3164415972977641,0.018939217967609747
2023-03-03,0.011617999204623253,-0.30850001631885604,0.018908851621053074
2023-03-06,-0.016055350488028752,-0.319602290919323,0.017722991933721788
2023-03-07,-0.039426890880293164,-0.34642825715044834,0.01818089096905031
2023-03-08,0.01926277272092558,-0.33383865321111816,0.019191288920419963
2023-03-09,-0.024764020911751672,-0.3503354867335987,0.01955203565804772
2023-03-10,-0.014973087170705557,-0.3600629701224506,0.019530085728584706
2023-03-13,0.03718986202432206,-0.33626380027705005,0.021965565804846772
2023-03-14,0.006986384324834782,-0.33162668409548024,0.022123610179463647
2023-03-15,0.022170021219474867,-0.3168088334993463,0.02281892742535903
2023-03-16,0.008152881001692425,-0.31123885721745903,0.02291086971635932
2023-03-17,-0.009518609334115413,-0.3177949054601249,0.022823629898154306
2023-03-20,0.0048050419845426795,-0.31451688133879185,0.022742392428542896
2023-03-21,-0.00921426491278321,-0.320833104387377,0.022751565587423642
2023-03-22,-0.033864350739990945,-0.34383265035139365,0.02298195313217471
2023-03-23,0.002802435064853226,-0.3419937839623266,0.020439734424656877
2023-03-24,0.0385176836046881,-0.3166489087230695,0.021501307995536567
2023-03-27,-0.020319091167298464,-0.33053398184599836,0.021017383108405972
2023-03-28,-0.0018710220955743262,-0.3317865675582007,0.020917816843668016
2023-03-29,0.013719942627122172,-0.3226187176024268,0.021172314073165225
2023-03-30,0.011921309101394995,-0.314543445955466,0.020985948806425958
2023-03-31,0.01504662158150838,-0.30422964057619317,0.02113308766165731
2023-04-03,-0.02313562705581995,-0.3203267241283162,0.02161983565887338
2023-04-04,0.006705009488450431,-0.3157695083645504,0.021375338763287555
2023-04-05,0.005725675720062773,-0.31185182645166676,0.019333248372393485
2023-04-06,0.005693018960039931,-0.3079341858523392,0.018973143752135515
2023-04-10,0.007932821472028007,-0.3024441513018121,0.017983712920064582
2023-04-11,0.008634700727238043,-0.29642096530776874,0.017499517874775206
2023-04-12,-0.008825839146430425,-0.3026306406947632,0.016044428676507586
2023-04-13,0.014063577093630153,-0.29282313294743856,0.01621722971821766
2023-04-14,-0.025701938645959932,-0.3109989493962656,0.016717599710781135
2023-04-17,0.01798618006686903,-0.29860645243384487,0.017075475332691433
2023-04-18,-0.0004939530510170709,-0.2989529079166289,0.01691014612733797
2023-04-19,0.008629533401504963,-0.29290319861946745,0.016968752211912443
2023-04-20,-0.025214763104741578,-0.3107324769583981,0.01781740726488933
2023-04-21,-0.006766380101427716,-0.3153963230108672,0.016073103967647724
2023-04-24,-0.00490503816897081,-0.31875433017711663,0.016145183518413774
2023-04-25,-0.01564824944631904,-0.32941463235272983,0.014190700862385757
2023-04-26,-0.005643434174042894,-0.33319903673312357,0.013527306952676406
2023-04-27,0.02657874186400444,-0.3154763060557837,0.014713882461634168
2023-04-28,0.015729086603675446,-0.3047093735914673,0.014805250871047572
2023-05-01,0.0005749393924989743,-0.3043096236211098,0.014605794470889583
2023-05-02,-0.05382315724262732,-0.3417538761411334,0.01846960818807424
2023-05-03,-0.024576014974769578,-0.35793094273817294,0.018552671880940307
2023-05-04,-0.010874849152567978,-0.36491334688142685,0.018511221290282775
2023-05-05,0.005413288985324671,-0.36147543929737336,0.018503664303630457
2023-05-08,-0.026962706648800405,-0.3786917897156524,0.019065615512627993
2023-05-09,0.004246535937664442,-0.376053382072314,0.01895776338662629
2023-05-10,0.012514973307106603,-0.36824470680388954,0.019116800783365605
2023-05-11,-0.016874034894311052,-0.3789049676659464,0.019278627420998756
2023-05-12,0.015704731361290802,-0.36915083703330787,0.01936427359832373
2023-05-15,-0.006041145566807571,-0.37296188865748836,0.018792512186725313
2023-05-16,-0.014833432482038056,-0.3822630161457522,0.018201239577697686
2023-05-17,0.012166271055811473,-0.374747460558982,0.018593640796582465
2023-05-18,0.0012786832364244383,-0.37394796061826696,0.018386992851019357
2023-05-19,-0.006513207261791498,-0.3780255673074274,0.01783494386366996
2023-05-22,0.01319743404371665,-0.3698171007550891,0.018248051952683662
2023-05-23,-0.025501225640352954,-0.3858875370634254,0.018855170625904763
2023-05-24,-0.026862819441962782,-0.4023843292723497,0.019331863806873975
2023-05-25,-0.007565242909529091,-0.40690543698794546,0.019338165670399178
2023-05-26,0.009472252269810966,-0.401287495667242,0.01825447354645027
2023-05-30,-0.00875771136925052,-0.4065308469733494,0.01755247088767005
2023-05-31,-0.00027051865931337904,-0.40669139145297006,0.017534314336933414
2023-06-01,-0.004914730836999226,-0.40960734356725326,0.01394003683452646
2023-06-02,0.022474882143987518,-0.39633833819525155,0.014421657423754059
2023-06-05,-0.0061156432830683505,-0.4000301175825136,0.01432605010384174
2023-06-06,-0.001694422851289401,-0.40104672026136723,0.01421059245599927
2023-06-07,0.017106594944233278,-0.3908006691143584,0.013732405809741789
2023-06-08,0.005533187903849379,-0.3874298547456688,0.013759110806512142
2023-06-09,-0.021224575682489255,-0.4004313961544528,0.01409416466022387
2023-06-12,0.010485414227987322,-0.39414467098503614,0.013952365826675297
2023-06-13,0.013511667763510316,-0.3859585550666337,0.01382803312850633
2023-06-14,0.0012635443306590055,-0.38518268648009846,0.013791827025246142
2023-06-15,0.017970487711343797,-0.37413411950276765,0.013984726616289186
2023-06-16,-0.01444739693573871,-0.3831762523068468,0.014100628454325475
2023-06-20,-0.025892381659603725,-0.39914728819882506,0.015133127085785514
2023-06-21,-0.015182568858939649,-0.40826977586982705,0.015383027715245348
2023-06-22,0.006284199150353942,-0.4045512252981095,0.015107244112346227
2023-06-23,0.0022463186662795565,-0.4032136576006834,0.014188397712987877
2023-06-26,0.005603417750462691,-0.3998696144164493,0.012976885117650761
2023-06-27,0.005215529365697913,-0.3967396167671907,0.012889949249103272
2023-06-28,0.008292633418061524,-0.3917369995534017,0.012853192163577724
2023-06-29,0.010159691396198545,-0.3855572351811385,0.01281027752175053
2023-06-30,0.009056075820160547,-0.37999279491578986,0.0128986907161645
2023-07-03,0.009794664016410604,-0.37392003265423623,0.01289367391009614
2023-07-05,0.029654263558832383,-0.3553540922936598,0.013519264616817898
2023-07-06,-0.008258341687100823,-0.36067779846669,0.013601084376752061
2023-07-07,0.007825005652710493,-0.3556750986257885,0.01359130456516883
2023-07-10,-0.012538945963469494,-0.3637542537470375,0.013654590794633324
2023-07-11,0.01677676004880646,-0.3530801115300778,0.014009313075152626
2023-07-12,0.006037507392019137,-0.34917432792139647,0.012901260844133098
2023-07-13,0.002342998174353017,-0.3476494445598942,0.01281847908913597
2023-07-14,-0.00032811428332579773,-0.3478634900948696,0.01263821163004744
2023-07-17,-0.07228118202230482,-0.39500068787071296,0.02072834823567636
2023-07-18,0.00848991132052146,-0.38986429736175887,0.020405406257825182
2023-07-19,0.027184638783826154,-0.3732779786764223,0.02104663090284996
2023-07-20,-0.04870457843854881,-0.40380221052314236,0.023000709085371523
2023-07-21,0.016961418940901307,-0.3936898500441861,0.023017127593687504
2023-07-24,0.004279830164128473,-0.391094945575588,0.02300009670547136
2023-07-25,-0.03237988398647196,-0.4108112205966269,0.024143440353361977
2023-07-26,0.027969501712701073,-0.394331904022,0.02489950623963466
2023-07-27,-0.01766794961213214,-0.40503281742341535,0.025192871044330056
2023-07-28,-0.015827297865228185,-0.4144495402420906,0.025328639734023224
2023-07-31,0.0003198261522967538,-0.41426226589157056,0.02519285180910482
2023-08-01,0.041790445355003536,-0.38978402512194865,0.02686608916473732
2023-08-02,0.0020166066399072147,-0.3885534595352321,0.026771855294992496
2023-08-03,-0.026207517048990714,-0.40457795516900896,0.026369098915621635
2023-08-04,0.0013928411544941177,-0.40374862684067536,0.026364990653689115
2023-08-07,-0.012428267013073868,-0.41115899811321144,0.026320433630000247
2023-08-08,0.013311468421360217,-0.4033206597113933,0.02650217535283463
2023-08-09,0.02093805029959417,-0.39082735767170174,0.026670202577112397
2023-08-10,0.002678855481714759,-0.3891954721994899,0.026626392706838423
2023-08-11,0.007620766009070357,-0.38454067381584156,0.02670091615606141
2023-08-14,0.004172844251427721,-0.38197245790458645,0.026736608879489754
2023-08-15,-0.00471822569258451,-0.3848884513324259,0.02141917020121114
2023-08-16,-0.0410994666816219,-0.41016920793236966,0.02321173830879815
2023-08-17,0.0020863727645668018,-0.4089386010320969,0.02229705411679016
2023-08-18,0.0071059623877398614,-0.4047385409621861,0.019694599009345944
2023-08-21,-0.019279959351435783,-0.41621515769591144,0.019731981020918297
2023-08-22,-0.0005040129964867246,-0.4165093928435847,0.019688083140320722
2023-08-23,0.013854318762830609,-0.4084255279769221,0.01866085868031345
2023-08-24,-0.002406080757520468,-0.4098489039306972,0.017558305468883158
2023-08-25,0.011786610050316781,-0.4028930230905613,0.017342774506252743
2023-08-28,0.0013042919931374186,-0.40211422124153184,0.01694385347054878
2023-08-29,0.022100479805593043,-0.38890065866202905,0.017547629236649567
2023-08-30,-0.0018458275933613821,-0.39002864268855564,0.015023044982943703
2023-08-31,-0.011403618803996318,-0.3969845235286916,0.015221103975447788
2023-09-01,-0.012648680452845285,-0.40461187359869744,0.014340402476281778
2023-09-05,0.0006766149159067592,-0.4042090251116205,0.014338015794368313
2023-09-06,-0.01735479951110863,-0.41454885803133623,0.014590676059527557
2023-09-07,0.014908981568664492,-0.4058203777463718,0.014668450748274716
2023-09-08,-0.019526365759885755,-0.4174225463775669,0.014422840016209759
2023-09-11,-0.00792923350742758,-0.42204193904350173,0.014435677617039363
2023-09-12,-0.0039032706555964802,-0.42429786578299866,0.014248392201423467
2023-09-13,-0.009470076846374353,-0.42974980923465533,0.014212272189622439
2023-09-14,0.03056564596920386,-0.4123197437898508,0.016055357111159598
2023-09-15,-0.0030619596921646064,-0.4141191970462472,0.01334636545970021
2023-09-18,-0.013981137582316894,-0.4223104771591819,0.013663397597912786
2023-09-19,-0.007531404092812388,-0.4266612903958801,0.013602392985593112
2023-09-20,0.006979595666094962,-0.4226596180231227,0.013103090441385747
2023-09-21,-0.0478672053487903,-0.4502952886433589,0.016696790884801763
2023-09-22,-0.017441807156856504,-0.4598831322120569,0.01654105987288079
2023-09-25,0.0010939604312476536,-0.45929226573044746,0.0165775563741664
2023-09-26,-0.006109383009544445,-0.4625956563753232,0.016179235304441188
2023-09-27,-0.020189973171774622,-0.4734458356555006,0.016446236631899265
2023-09-28,0.012241285266300306,-0.46700013592160117,0.015732112928761335
2023-09-29,0.008616242773710647,-0.46240767969434693,0.016045129007800047
2023-10-02,-0.009641735034303989,-0.4675910024032107,0.01601935032778288
2023-10-03,-0.04166670223214364,-0.48977472957179025,0.017793865268654195
2023-10-04,0.004316251188556164,-0.48757246914187313,0.01789158251157575
2023-10-05,0.002515686254749294,-0.48628336224593827,0.017841819429309153
2023-10-06,0.0033981852862237094,-0.48453765792623404,0.01733530287439324
2023-10-09,0.015057587129682748,-0.47677603879838804,0.0176850758788948
2023-10-10,0.0009752300566994165,-0.47626577506503887,0.017716864030498308
2023-10-11,0.03379310100019284,-0.45856717150455406,0.019593692154535578
2023-10-12,-0.008283728024031545,-0.46305225379909243,0.019575000084277788
2023-10-13,0.008202962401005154,-0.45864769162570196,0.018238815248944405
2023-10-16,0.006598159286108407,-0.45507576286514584,0.018378116165124383
2023-10-17,-0.012272059616244557,-0.4617631055896013,0.01833209490237914
2023-10-18,-0.028192228272224673,-0.47693720298135256,0.019113877632795397
2023-10-19,-0.027315644987130794,-0.49122500065068964,0.019571924579086197
2023-10-20,0.012880101567483093,-0.48467192698407435,0.01741684055366942
2023-10-23,0.006879258349425266,-0.4811268520350863,0.017210671119124665
2023-10-24,0.020082819295711207,-0.4707064163671101,0.01785524679480821
2023-10-25,-0.0069515018397361406,-0.47438580168749467,0.01786856036067047
2023-10-26,0.054212909980381196,-0.44589072646996863,0.020961669264262232
2023-10-27,-0.011196300824758643,-0.4520947005861994,0.021048688541895677
2023-10-30,0.004411663023081047,-0.44967752703662534,0.020997790935534843
2023-10-31,0.018154325618456202,-0.43968679366729413,0.021147535892377185
2023-11-01,-0.004649453557593608,-0.44229194389784443,0.01866628263736617
2023-11-02,0.04690357998239336,-0.41613343948163184,0.020842147509709995
2023-11-03,0.04457223125651777,-0.39010920412325956,0.022408128355817323
2023-11-06,-0.02752212601590276,-0.40689469546331847,0.023732756293258196
2023-11-07,-0.005207370116488419,-0.4099832143020935,0.023799308677063688
2023-11-08,0.0015476038013833016,-0.4090701020816675,0.02379358910451583
2023-11-09,-0.007408098767192839,-0.41344776912993364,0.02307783244128955
2023-11-10,0.0027015180693206187,-0.4118631876796378,0.022907709016239782
2023-11-13,-0.00031968411191740653,-0.4120512056741704,0.02291603116628565
2023-11-14,0.0672848453104713,-0.3724911619974789,0.026742418657015297
2023-11-15,0.004510323404547156,-0.36966089419887593,0.02638367103913576
2023-11-16,0.009236674042303328,-0.363838657342474,0.02505618396918238
2023-11-17,-0.009745318464917885,-0.37003825222174136,0.024032271996294863
2023-11-20,0.006247054590850842,-0.3661028467932228,0.02404293287794601
2023-11-21,-0.0068461282428338155,-0.3704425879968437,0.024322037321201834
2023-11-22,-0.001498505202506939,-0.3713859830540073,0.024309555938457683
2023-11-24,0.008061353009171324,-0.36631850355689244,0.024051911924357218
2023-11-27,0.0101662871928212,-0.3598763154752751,0.021740892770343908
2023-11-28,0.019749098328369907,-0.3472344498872779,0.02148496596403637
2023-11-29,0.012511870837691008,-0.3390671316369732,0.021478948217094916
2023-11-30,0.007177849984179252,-0.3343230546582501,0.021377687811425457
2023-12-01,0.014617760032600069,-0.32459234881201016,0.021200041960734134
2023-12-04,-0.006664900940952401,-0.32909387390193945,0.01962191168157582
2023-12-05,0.005986377550360578,-0.3250775765302666,0.017613600839548358
2023-12-06,0.004393145813522237,-0.3221125439111483,0.01596904999714995
2023-12-07,-0.0014712627482318386,-0.3231098944727855,0.015852483016439833
2023-12-08,-0.027636176360744336,-0.34181654880597845,0.017516576291871682
2023-12-11,-0.007453511979098382,-0.3467223270438974,0.017518224840847325
2023-12-12,-0.011511780647304959,-0.35424271631674986,0.01789362125953603
2023-12-13,0.03543847439634429,-0.33135806335268814,0.019064218580935568
2023-12-14,0.011166688755613663,-0.3238915469571969,0.013085894600632132
2023-12-15,-0.009329011096837703,-0.330198970218299,0.013384924534771511
2023-12-18,-0.007887682071887059,-0.33548214779263963,0.01350582618272148
2023-12-19,0.009126662344143499,-0.3294173177338876,0.013299970414032195
2023-12-20,-0.009968616042062783,-0.33610209901785504,0.013573834485788442
2023-12-21,0.02237105963477304,-0.3212499994835828,0.014078359871743489
2023-12-22,-0.001509078452358592,-0.32227428648390055,0.014078554636273364
2023-12-26,0.0046136292743690355,-0.31914751129203,0.014045001450615109
2023-12-27,0.0064136050440886105,-0.3147807923361723,0.013979911828898767
2023-12-28,0.00015730304561367703,-0.31467300526789377,0.013474681641357492
2023-12-29,-0.002202559386425329,-0.3161824786729116,0.013304442641820909
2024-01-02,0.005084917180464998,-0.31270532321041256,0.013269196705554374
2024-01-03,-0.026158902917921,-0.33068419793655524,0.014219480937454223
2024-01-04,0.006363050985638052,-0.3264253073625323,0.014213716884789783
2024-01-05,-0.013205869027058004,-0.3353204465334435,0.01444395222770581
2024-01-08,0.007421254293786594,-0.33038769054328765,0.014511550976376263
2024-01-09,-0.011432218292968366,-0.33804284463665546,0.014706891482695094
2024-01-10,-0.01103511573755811,-0.34534761845939466,0.013606222018755765
2024-01-11,-0.014493360005139455,-0.3548357311032846,0.013878682085685164
2024-01-12,0.002297857653084545,-0.35335323545050357,0.013656401012278337
2024-01-16,-0.007878269139567795,-0.3584476926998552,0.011090787997951516
2024-01-17,-0.02142765562204607,-0.37219465460421175,0.011444516763591553
2024-01-18,-0.0013739042425989778,-0.37305719903177736,0.01137199777144283
2024-01-19,-0.007351979857704971,-0.3776664698764288,0.011361274675449676
2024-01-22,0.012603905663323367,-0.3698226367716283,0.011571116827798003
2024-01-23,-0.0024380593993846844,-0.3713590466153267,0.011456934403168079
2024-01-24,-0.025469534847285202,-0.3873702392839883,0.011004930793824377
2024-01-25,0.023187270324206644,-0.3731650274136121,0.01258193867411819
2024-01-26,-0.01995264892251325,-0.3856720455539815,0.012914363043134655
2024-01-29,-0.0014918067977378602,-0.3865885041724645,0.012684183525614014
2024-01-30,-0.019642362237126898,-0.3986373549739268,0.01299950889032799
2024-01-31,0.003406553462506068,-0.3965887809732914,0.013140958687177568
2024-02-01,0.0315375279164285,-0.3775586828081504,0.015328037362294867
2024-02-02,-0.026892384068707642,-0.3942976137703059,0.015380373293697016
2024-02-05,-0.03164079378737139,-0.4134625180695185,0.01623413228197612
2024-02-06,0.004595619310152177,-0.41076701509143076,0.016327756043284906
2024-02-07,-0.007319353931975692,-0.4150798198563711,0.016054829318613698
2024-02-08,-0.0036866609422513408,-0.41723622223884127,0.01601985964307318
2024-02-09,0.005781705251422631,-0.41386685384462074,0.016171346743971575
2024-02-12,-0.008277750676320528,-0.4187187178916223,0.016047736423210338
2024-02-13,-0.031347074969283906,-0.43694018582011507,0.016954399406253966
2024-02-14,0.0008616960267477936,-0.4364549994154149,0.017024257289619347
2024-02-15,0.01387093605304135,-0.4286381027492949,0.017168504050476745
2024-02-16,-0.024390217448599927,-0.4425737436650843,0.01769655202871782
2024-02-20,0.0011604901214186114,-0.4419268560011883,0.017747774018945037
2024-02-21,0.002125222447673103,-0.4407408264281185,0.017370622335413775
2024-02-22,0.01792945688394454,-0.430713613188611,0.01810468465253959
2024-02-23,0.008333375061530868,-0.425969536209888,0.017649179069271936
2024-02-26,-0.024323900667905463,-0.4399321961914704,0.017170488056387618
2024-02-27,-0.037684097844032816,-0.4610378461094836,0.018328725177977553
2024-02-28,0.026056580243727145,-0.44699433549830336,0.01961233658855107
2024-02-29,0.0198381481436658,-0.4360237272016324,0.02000084499148335
2024-03-01,-0.004492671992676889,-0.4385574876069679,0.019951311870459214
2024-03-04,0.018051788736381358,-0.42842244598562573,0.018968919184752665
2024-03-05,0.020985595415258462,-0.416427550688637,0.018941794297586596
2024-03-06,0.0021709047508373658,-0.41516067048596916,0.017653713245536076
2024-03-07,0.005346383244212882,-0.4120338952940986,0.017664217982198385
2024-03-08,0.025535217059041493,-0.39702005318707434,0.018418015323957284
2024-03-11,0.00022349801386867263,-0.396885288366559,0.018381502109132558
2024-03-12,-0.015106172085156855,-0.4059960429875835,0.018717227045574242
2024-03-13,0.0018688347839463937,-0.4048859477309169,0.018601694741454903
2024-03-14,-0.016696988707871507,-0.4148225603415494,0.01756231740947283
2024-03-15,-0.003007491512462046,-0.41658247652460645,0.01759494589316318
2024-03-18,-0.010302586155190863,-0.42259318582465977,0.017556436318130524
2024-03-19,0.008534218189527376,-0.4176654700883675,0.016655610739872578
2024-03-20,0.002975634109168235,-0.415932655598216,0.016654566547411948
2024-03-21,-0.0032449329885086975,-0.417827914991576,0.016698600807550732
2024-03-22,0.0020928143395997356,-0.41660953690395575,0.01629827895808412
2024-03-25,0.01350537729439516,-0.40873062858989173,0.016448372048238093
2024-03-26,-0.019095146422324794,-0.4200210038120037,0.016072572550832137
2024-03-27,0.01806636009473106,-0.40954289441949066,0.013648165056927423
2024-03-28,-0.006327975381628881,-0.41327929244751194,0.012892597905665255
